home_team,away_team,day,date,time,home_score,away_score,home_odds,draw_odds,away_odds,over,under
Liverpool , Wolves,Friday, 06 Dec 2020, 19:15,4,0,1.57,4.2,5.5,1.61,2.3
Tottenham , Arsenal,Friday, 06 Dec 2020, 16:30,2,0,2.15,3.5,3.4,1.9,1.9
Sheffield Utd , Leicester,Friday, 06 Dec 2020, 14:15,1,2,4,3.5,1.95,2,1.8
West Brom , Crystal Palace,Friday, 06 Dec 2020, 12:00,1,5,2.87,3.25,2.5,2,1.8
Chelsea , Leeds,Saturday, 05 Dec 2020, 20:00,3,1,1.44,5,6,1.44,2.75
West Ham , Manchester Utd,Saturday, 05 Dec 2020, 17:30,1,3,3.3,3.5,2.15,1.8,2
Manchester City , Fulham,Saturday, 05 Dec 2020, 15:00,2,0,1.1,11,19,1.33,3.4
Burnley , Everton,Saturday, 05 Dec 2020, 12:30,1,1,3.6,3.6,2,1.9,1.9
West Ham , Aston Villa,Monday, 30 Nov 2020, 20:00,2,1,2.3,3.5,3,1.72,2.1
Leicester , Fulham,Monday, 30 Nov 2020, 17:30,1,2,1.55,4.2,6,1.8,2
Arsenal , Wolves,Sunday, 29 Nov 2020, 19:15,1,2,2.05,3.25,3.8,2.2,1.66
Chelsea , Tottenham,Sunday, 29 Nov 2020, 16:30,0,0,1.95,3.6,3.75,1.72,2.1
Southampton , Manchester Utd,Sunday, 29 Nov 2020, 14:00,2,3,3.8,3.6,1.95,1.72,2.1
West Brom , Sheffield Utd,Saturday, 28 Nov 2020, 20:00,1,0,2.6,3.2,2.8,2.3,1.61
Everton , Leeds,Saturday, 28 Nov 2020, 17:30,0,1,2.2,3.75,3,1.61,2.3
Manchester City , Burnley,Saturday, 28 Nov 2020, 15:00,5,0,1.12,10,17,1.33,3.4
Brighton , Liverpool,Saturday, 28 Nov 2020, 12:30,1,1,5,4.2,1.61,1.57,2.37
Crystal Palace , Newcastle,Friday, 27 Nov 2020, 20:00,0,2,2.1,3.2,3.75,2.3,1.61
Wolves , Southampton,Monday, 23 Nov 2020, 20:00,1,1,2.3,3.25,3.25,2.3,1.61
Burnley , Crystal Palace,Monday, 23 Nov 2020, 17:30,1,0,2.6,3.1,2.9,2.2,1.66
Liverpool , Leicester,Sunday, 22 Nov 2020, 19:15,3,0,1.75,4,4.33,1.61,2.3
Leeds , Arsenal,Sunday, 22 Nov 2020, 16:30,0,0,3.4,3.8,2,1.66,2.2
Sheffield Utd , West Ham,Sunday, 22 Nov 2020, 14:00,0,1,3.1,3.2,2.4,2.2,1.66
Fulham , Everton,Sunday, 22 Nov 2020, 12:00,2,3,4.2,3.8,1.8,1.9,1.9
Manchester Utd , West Brom,Saturday, 21 Nov 2020, 20:00,1,0,1.3,5.75,9,1.57,2.37
Tottenham , Manchester City,Saturday, 21 Nov 2020, 17:30,2,0,4.2,4,1.75,1.57,2.37
Aston Villa , Brighton,Saturday, 21 Nov 2020, 15:00,1,2,2.3,3.5,3,1.66,2.2
Newcastle , Chelsea,Saturday, 21 Nov 2020, 12:30,0,2,7,4.75,1.44,1.66,2.2
Arsenal , Aston Villa,Sunday, 08 Nov 2020, 19:15,0,3,1.61,4.4,4.75,1.57,2.37
Manchester City , Liverpool,Sunday, 08 Nov 2020, 16:30,1,1,1.9,4.2,3.5,1.4,3
Leicester , Wolves,Sunday, 08 Nov 2020, 14:00,1,0,2.25,3.2,3.3,2.3,1.61
West Brom , Tottenham,Sunday, 08 Nov 2020, 12:00,0,1,6,4.6,1.5,1.66,2.2
West Ham , Fulham,Saturday, 07 Nov 2020, 20:00,1,0,1.83,3.8,4,1.8,2
Chelsea , Sheffield Utd,Saturday, 07 Nov 2020, 17:30,4,1,1.36,5,8,1.72,2.1
Crystal Palace , Leeds,Saturday, 07 Nov 2020, 15:00,4,1,2.8,3.5,2.45,1.8,2
Everton , Manchester Utd,Saturday, 07 Nov 2020, 12:30,1,3,3.25,3.6,2.15,1.72,2.1
Southampton , Newcastle,Friday, 06 Nov 2020, 20:00,2,0,2.1,3.5,3.4,1.9,1.9
Brighton , Burnley,Friday, 06 Nov 2020, 17:30,0,0,1.9,3.4,4.2,2.2,1.66
Leeds , Leicester,Monday, 02 Nov 2020, 20:00,1,4,2.4,3.7,2.75,1.61,2.3
Fulham , West Brom,Monday, 02 Nov 2020, 17:30,2,0,2.4,3.3,3,2.05,1.85
Tottenham , Brighton,Sunday, 01 Nov 2020, 19:15,2,1,1.55,4.33,6,1.66,2.2
Manchester Utd , Arsenal,Sunday, 01 Nov 2020, 16:30,0,1,1.95,3.6,3.8,1.9,1.9
Newcastle , Everton,Sunday, 01 Nov 2020, 14:00,2,1,3.3,3.3,2.25,2,1.8
Aston Villa , Southampton,Sunday, 01 Nov 2020, 12:00,3,4,2.6,3.5,2.62,1.66,2.2
Liverpool , West Ham,Saturday, 31 Oct 2020, 17:30,2,1,1.4,5,7,1.44,2.75
Burnley , Chelsea,Saturday, 31 Oct 2020, 15:00,0,3,5.5,4.33,1.57,1.9,1.9
Sheffield Utd , Manchester City,Saturday, 31 Oct 2020, 12:30,0,1,9.5,6,1.28,1.53,2.5
Wolves , Crystal Palace,Friday, 30 Oct 2020, 20:00,2,0,2,3.2,4.2,2.62,1.5
Burnley , Tottenham,Monday, 26 Oct 2020, 20:00,0,1,5.75,4.33,1.53,1.72,2.1
Brighton , West Brom,Monday, 26 Oct 2020, 17:30,1,1,1.66,3.9,5,1.9,1.9
Arsenal , Leicester,Sunday, 25 Oct 2020, 19:15,0,1,1.9,3.6,4,1.9,1.9
Wolves , Newcastle,Sunday, 25 Oct 2020, 16:30,1,1,1.8,3.5,4.75,2.3,1.61
Southampton , Everton,Sunday, 25 Oct 2020, 14:00,2,0,3,3.6,2.25,1.72,2.1
Liverpool , Sheffield Utd,Saturday, 24 Oct 2020, 19:00,2,1,1.2,7.5,12,1.33,3.4
Manchester Utd , Chelsea,Saturday, 24 Oct 2020, 16:30,0,0,2.55,3.5,2.62,1.72,2.1
Fulham , Crystal Palace,Saturday, 24 Oct 2020, 14:00,1,2,2.5,3.2,2.9,2.3,1.61
West Ham , Manchester City,Saturday, 24 Oct 2020, 11:30,1,1,6.5,5.25,1.4,1.4,3
Aston Villa , Leeds,Friday, 23 Oct 2020, 19:00,0,3,1.85,4,3.8,1.5,2.62
Leeds , Wolves,Monday, 19 Oct 2020, 19:00,0,1,2.4,3.4,2.9,2.04,1.86
West Brom , Burnley,Monday, 19 Oct 2020, 16:30,0,0,2.55,3.25,2.9,2.01,1.89
Leicester , Aston Villa,Sunday, 18 Oct 2020, 18:15,0,1,2.35,3.6,2.87,1.61,2.3
Tottenham , West Ham,Sunday, 18 Oct 2020, 15:30,3,3,1.6,4.2,5.5,1.57,2.37
Crystal Palace , Brighton,Sunday, 18 Oct 2020, 13:00,1,1,3,3.25,2.4,2.2,1.66
Sheffield Utd , Fulham,Sunday, 18 Oct 2020, 11:00,1,1,2.25,3.2,3.5,2.3,1.61
Newcastle , Manchester Utd,Saturday, 17 Oct 2020, 19:00,1,4,4.5,4.2,1.7,1.66,2.2
Manchester City , Arsenal,Saturday, 17 Oct 2020, 16:30,1,0,1.5,4.75,5.5,1.44,2.75
Chelsea , Southampton,Saturday, 17 Oct 2020, 14:00,3,3,1.53,4.6,5.5,1.53,2.5
Everton , Liverpool,Saturday, 17 Oct 2020, 11:30,2,2,4.2,4.2,1.72,1.5,2.62
Aston Villa , Liverpool,Sunday, 04 Oct 2020, 18:15,7,2,6.5,4.8,1.44,1.44,2.75
Manchester Utd , Tottenham,Sunday, 04 Oct 2020, 15:30,1,6,2,3.7,3.6,1.72,2.1
Arsenal , Sheffield Utd,Sunday, 04 Oct 2020, 13:00,2,1,1.5,4.2,7,1.72,2.1
Wolves , Fulham,Sunday, 04 Oct 2020, 13:00,1,0,1.75,3.4,5.25,2.3,1.61
Leicester , West Ham,Sunday, 04 Oct 2020, 11:00,0,3,1.75,4,4.2,1.57,2.37
Southampton , West Brom,Sunday, 04 Oct 2020, 11:00,2,0,1.85,3.75,4,1.72,2.1
Newcastle , Burnley,Saturday, 03 Oct 2020, 19:00,3,1,2.37,3.25,3.1,2.1,1.72
Leeds , Manchester City,Saturday, 03 Oct 2020, 16:30,1,1,8,7.5,1.25,1.3,3.5
Everton , Brighton,Saturday, 03 Oct 2020, 14:00,4,2,1.75,3.75,4.75,1.72,2.1
Chelsea , Crystal Palace,Saturday, 03 Oct 2020, 11:30,4,0,1.5,4.33,6.5,1.72,2.1
Liverpool , Arsenal,Monday, 28 Sep 2020, 19:00,3,1,1.44,5.25,6,1.4,3
Fulham , Aston Villa,Monday, 28 Sep 2020, 16:45,0,3,3,3.4,2.37,1.9,1.9
West Ham , Wolves,Sunday, 27 Sep 2020, 18:00,4,0,3.3,3.3,2.25,2.2,1.66
Manchester City , Leicester,Sunday, 27 Sep 2020, 15:30,2,5,1.28,5.75,9.5,1.44,2.75
Tottenham , Newcastle,Sunday, 27 Sep 2020, 13:00,1,1,1.4,4.8,8,1.66,2.2
Sheffield Utd , Leeds,Sunday, 27 Sep 2020, 11:00,0,1,2.8,3.4,2.5,2,1.8
Burnley , Southampton,Saturday, 26 Sep 2020, 19:00,0,1,3.3,3.4,2.2,1.9,1.9
West Brom , Chelsea,Saturday, 26 Sep 2020, 16:30,3,3,6.5,4.75,1.44,1.53,2.5
Crystal Palace , Everton,Saturday, 26 Sep 2020, 14:00,1,2,3.5,3.3,2.15,2,1.8
Brighton , Manchester Utd,Saturday, 26 Sep 2020, 11:30,2,3,5.25,4,1.61,1.66,2.2
Wolves , Manchester City,Monday, 21 Sep 2020, 19:15,1,3,7,4.5,1.44,1.8,2
Aston Villa , Sheffield Utd,Monday, 21 Sep 2020, 17:00,1,0,2.45,3.2,3.1,2.2,1.66
Leicester , Burnley,Sunday, 20 Sep 2020, 18:00,4,2,1.5,4.33,6.5,1.9,2
Chelsea , Liverpool,Sunday, 20 Sep 2020, 15:30,0,2,3.4,3.9,2,1.61,2.3
Newcastle , Brighton,Sunday, 20 Sep 2020, 13:00,0,3,2.5,3.25,2.9,2.2,1.66
Southampton , Tottenham,Sunday, 20 Sep 2020, 11:00,2,5,3.3,3.4,2.2,2.02,1.88
Arsenal , West Ham,Saturday, 19 Sep 2020, 19:00,2,1,1.45,4.5,7,1.66,2.2
Manchester Utd , Crystal Palace,Saturday, 19 Sep 2020, 16:30,1,3,1.36,5,8,1.66,2.2
Leeds , Fulham,Saturday, 19 Sep 2020, 14:00,4,3,1.66,3.8,5.25,2.01,1.89
Everton , West Brom,Saturday, 19 Sep 2020, 11:30,5,2,1.57,4,6,1.9,1.9
Brighton , Chelsea,Monday, 14 Sep 2020, 19:15,1,3,5.75,4.4,1.53,1.72,2.1
Sheffield Utd , Wolves,Monday, 14 Sep 2020, 17:00,0,2,3.2,2.9,2.55,3.2,1.36
Tottenham , Everton,Sunday, 13 Sep 2020, 15:30,0,1,2,3.4,3.8,2,1.8
West Brom , Leicester,Sunday, 13 Sep 2020, 13:00,0,3,3.25,3.4,2.2,2.2,1.66
West Ham , Newcastle,Saturday, 12 Sep 2020, 19:00,0,2,1.95,3.6,3.75,1.9,1.9
Liverpool , Leeds,Saturday, 12 Sep 2020, 16:30,4,3,1.25,6,11,1.5,2.62
Crystal Palace , Southampton,Saturday, 12 Sep 2020, 14:00,1,0,3,3.25,2.4,2.2,1.66
Fulham , Arsenal,Saturday, 12 Sep 2020, 11:30,0,3,5,4,1.66,2,1.8
Sheffield Utd , Wolves,Monday, 14 Sep 2020, 17:00,0,2,3.2,2.9,2.55,3.2,1.36
Tottenham , Everton,Sunday, 13 Sep 2020, 15:30,0,1,2,3.4,3.8,2,1.8
West Brom , Leicester,Sunday, 13 Sep 2020, 13:00,0,3,3.25,3.4,2.2,2.2,1.66
West Ham , Newcastle,Saturday, 12 Sep 2020, 19:00,0,2,1.95,3.6,3.75,1.9,1.9
Liverpool , Leeds,Saturday, 12 Sep 2020, 16:30,4,3,1.25,6,11,1.5,2.62
Crystal Palace , Southampton,Saturday, 12 Sep 2020, 14:00,1,0,3,3.25,2.4,2.2,1.66
Fulham , Arsenal,Saturday, 12 Sep 2020, 11:30,0,3,5,4,1.66,2,1.8
Arsenal , Watford,Sunday, 26 Jul 2020, 15:00,3,2,2,3.8,3.5,1.66,2.2
Burnley , Brighton,Sunday, 26 Jul 2020, 15:00,1,2,2.62,3.3,2.7,2,1.8
Chelsea , Wolves,Sunday, 26 Jul 2020, 15:00,2,0,1.85,3.4,4.5,2.3,1.61
Crystal Palace , Tottenham,Sunday, 26 Jul 2020, 15:00,1,1,6.5,4.2,1.5,1.8,2
Everton , Bournemouth,Sunday, 26 Jul 2020, 15:00,1,3,2.3,3.75,2.87,1.72,2.1
Leicester , Manchester Utd,Sunday, 26 Jul 2020, 15:00,0,2,3.6,3.5,2.05,1.8,2
Manchester City , Norwich,Sunday, 26 Jul 2020, 15:00,5,0,1.03,19,41,1.12,6
Newcastle , Liverpool,Sunday, 26 Jul 2020, 15:00,1,3,5.5,4.6,1.53,1.57,2.37
Southampton , Sheffield Utd,Sunday, 26 Jul 2020, 15:00,3,1,2,3.5,3.8,1.8,2
West Ham , Aston Villa,Sunday, 26 Jul 2020, 15:00,1,1,2.55,3.5,2.62,1.8,2
Liverpool , Chelsea,Wednesday, 22 Jul 2020, 19:15,5,3,1.9,3.8,3.8,1.72,2.1
Manchester Utd , West Ham,Wednesday, 22 Jul 2020, 17:00,1,1,1.22,6.5,12,1.44,2.75
Aston Villa , Arsenal,Tuesday, 21 Jul 2020, 19:15,1,0,3.1,3.75,2.2,1.72,2.1
Watford , Manchester City,Tuesday, 21 Jul 2020, 17:00,0,4,9,5.75,1.3,1.5,2.62
Wolves , Crystal Palace,Monday, 20 Jul 2020, 19:15,2,0,1.4,4.2,9.5,2.2,1.66
Brighton , Newcastle,Monday, 20 Jul 2020, 17:00,0,0,1.95,3.5,4,1.9,1.9
Sheffield Utd , Everton,Monday, 20 Jul 2020, 17:00,0,1,1.95,3.3,4.2,2.2,1.66
Tottenham , Leicester,Sunday, 19 Jul 2020, 15:00,3,0,2.25,3.4,3.2,2,1.8
Bournemouth , Southampton,Sunday, 19 Jul 2020, 13:00,0,2,2.4,3.75,2.7,1.66,2.2
Norwich , Burnley,Saturday, 18 Jul 2020, 16:30,0,2,3.1,3.4,2.3,2.1,1.72
West Ham , Watford,Friday, 17 Jul 2020, 19:00,3,1,2.45,2.9,3.3,2.2,1.66
Crystal Palace , Manchester Utd,Thursday, 16 Jul 2020, 19:15,0,2,8,5.25,1.36,1.61,2.3
Southampton , Brighton,Thursday, 16 Jul 2020, 19:15,1,1,2.25,3.4,3.2,1.98,1.92
Everton , Aston Villa,Thursday, 16 Jul 2020, 17:00,1,1,2.1,3.5,3.4,1.9,1.9
Leicester , Sheffield Utd,Thursday, 16 Jul 2020, 17:00,2,0,2.1,3.25,3.75,2.2,1.66
Arsenal , Liverpool,Wednesday, 15 Jul 2020, 19:15,2,1,4.2,4.2,1.72,1.57,2.37
Burnley , Wolves,Wednesday, 15 Jul 2020, 17:00,1,1,4.5,3.25,1.9,2.75,1.44
Manchester City , Bournemouth,Wednesday, 15 Jul 2020, 17:00,2,1,1.12,9.5,17,1.3,3.5
Newcastle , Tottenham,Wednesday, 15 Jul 2020, 17:00,1,3,5,4.2,1.61,1.8,2
Chelsea , Norwich,Tuesday, 14 Jul 2020, 19:15,1,0,1.12,9.5,17,1.36,3.2
Manchester Utd , Southampton,Monday, 13 Jul 2020, 19:00,2,2,1.25,6,12,1.5,2.62
Bournemouth , Leicester,Sunday, 12 Jul 2020, 18:00,4,1,5,3.8,1.7,2,1.8
Tottenham , Arsenal,Sunday, 12 Jul 2020, 15:30,2,1,2.7,3.4,2.6,1.9,1.9
Aston Villa , Crystal Palace,Sunday, 12 Jul 2020, 13:15,2,0,2.35,3.4,3,2.1,1.72
Wolves , Everton,Sunday, 12 Jul 2020, 11:00,3,0,2.05,3.2,3.9,2.75,1.44
Brighton , Manchester City,Saturday, 11 Jul 2020, 19:00,0,5,11,7,1.22,1.44,2.75
Sheffield Utd , Chelsea,Saturday, 11 Jul 2020, 16:30,3,0,4.75,3.75,1.72,1.9,1.9
Liverpool , Burnley,Saturday, 11 Jul 2020, 14:00,1,1,1.2,7,13,1.53,2.5
Norwich , West Ham,Saturday, 11 Jul 2020, 11:30,0,4,3.6,3.5,2.05,1.9,1.9
Watford , Newcastle,Saturday, 11 Jul 2020, 11:30,2,1,1.85,3.6,4.33,2.1,1.72
Aston Villa , Manchester Utd,Thursday, 09 Jul 2020, 19:15,0,3,8.5,5.5,1.33,1.53,2.5
Bournemouth , Tottenham,Thursday, 09 Jul 2020, 17:00,0,0,4.5,3.9,1.72,1.8,2
Everton , Southampton,Thursday, 09 Jul 2020, 17:00,1,1,2.05,3.5,3.6,2,1.8
Brighton , Liverpool,Wednesday, 08 Jul 2020, 19:15,1,3,6,4.1,1.57,2,1.9
Manchester City , Newcastle,Wednesday, 08 Jul 2020, 17:00,5,0,1.11,10,21,1.3,3.5
Sheffield Utd , Wolves,Wednesday, 08 Jul 2020, 17:00,1,0,4.2,3,2.05,2.75,1.44
West Ham , Burnley,Wednesday, 08 Jul 2020, 17:00,0,1,1.85,3.6,4.2,2,1.8
Arsenal , Leicester,Tuesday, 07 Jul 2020, 19:15,1,1,2.2,3.5,3.2,1.9,1.9
Crystal Palace , Chelsea,Tuesday, 07 Jul 2020, 17:00,2,3,8,4.33,1.44,1.9,1.9
Watford , Norwich,Tuesday, 07 Jul 2020, 17:00,2,1,1.7,3.8,5,2.1,1.72
Tottenham , Everton,Monday, 06 Jul 2020, 19:00,1,0,1.95,3.6,3.8,1.9,1.9
Southampton , Manchester City,Sunday, 05 Jul 2020, 18:00,1,0,9,5.75,1.3,1.5,2.62
Liverpool , Aston Villa,Sunday, 05 Jul 2020, 15:30,2,0,1.18,7.5,13,1.44,2.75
Newcastle , West Ham,Sunday, 05 Jul 2020, 13:15,2,2,2.7,3.4,2.6,1.9,1.9
Burnley , Sheffield Utd,Sunday, 05 Jul 2020, 11:00,1,1,3.1,2.9,2.6,2.75,1.44
Chelsea , Watford,Saturday, 04 Jul 2020, 19:00,3,0,1.33,5.25,8.5,1.66,2.2
Wolves , Arsenal,Saturday, 04 Jul 2020, 16:30,0,2,2.3,3.25,3.2,2.3,1.61
Leicester , Crystal Palace,Saturday, 04 Jul 2020, 14:00,3,0,1.61,3.7,6,2.1,1.72
Manchester Utd , Bournemouth,Saturday, 04 Jul 2020, 14:00,5,2,1.18,7.5,13,1.53,2.5
Norwich , Brighton,Saturday, 04 Jul 2020, 11:30,0,1,3.5,3.3,2.15,2.2,1.66
Manchester City , Liverpool,Thursday, 02 Jul 2020, 19:15,4,0,1.95,3.8,3.6,1.72,2.1
Sheffield Utd , Tottenham,Thursday, 02 Jul 2020, 17:00,3,1,4.75,3.75,1.75,2.1,1.72
West Ham , Chelsea,Wednesday, 01 Jul 2020, 19:15,3,2,6.5,4.75,1.44,1.72,2.1
Arsenal , Norwich,Wednesday, 01 Jul 2020, 17:00,4,0,1.45,4.75,6.5,1.57,2.37
Bournemouth , Newcastle,Wednesday, 01 Jul 2020, 17:00,1,4,2.15,3.2,3.75,2.37,1.57
Everton , Leicester,Wednesday, 01 Jul 2020, 17:00,2,1,2.55,3.25,2.87,2.2,1.66
Brighton , Manchester Utd,Tuesday, 30 Jun 2020, 19:15,0,3,6.5,4.2,1.53,2,1.8
Crystal Palace , Burnley,Monday, 29 Jun 2020, 19:00,0,1,2,3.2,4.2,2.62,1.5
Watford , Southampton,Sunday, 28 Jun 2020, 15:30,1,3,2.4,3.25,3.1,2.2,1.66
Aston Villa , Wolves,Saturday, 27 Jun 2020, 11:30,0,1,4.5,3.5,1.85,2.5,1.53
Chelsea , Manchester City,Thursday, 25 Jun 2020, 19:15,2,1,4.2,4,1.8,1.72,2.1
Burnley , Watford,Thursday, 25 Jun 2020, 17:00,1,0,3.5,3.3,2.15,2.5,1.53
Southampton , Arsenal,Thursday, 25 Jun 2020, 17:00,0,2,2.62,3.5,2.55,1.72,2.1
Liverpool , Crystal Palace,Wednesday, 24 Jun 2020, 19:15,4,0,1.25,5.75,12,1.66,2.2
Manchester Utd , Sheffield Utd,Wednesday, 24 Jun 2020, 17:00,3,0,1.33,5,9.5,1.9,1.9
Newcastle , Aston Villa,Wednesday, 24 Jun 2020, 17:00,1,1,2.3,3.3,3.2,1.9,1.9
Norwich , Everton,Wednesday, 24 Jun 2020, 17:00,0,1,4.5,3.6,1.83,1.9,1.9
Wolves , Bournemouth,Wednesday, 24 Jun 2020, 17:00,1,0,1.55,4,6,2.3,1.61
Tottenham , West Ham,Tuesday, 23 Jun 2020, 19:15,2,0,1.55,4.2,6,1.8,2
Leicester , Brighton,Tuesday, 23 Jun 2020, 17:00,0,0,1.61,3.9,5.75,2,1.8
Manchester City , Burnley,Monday, 22 Jun 2020, 19:00,5,0,1.12,9,23,1.5,2.62
Everton , Liverpool,Sunday, 21 Jun 2020, 18:00,0,0,5.75,3.9,1.61,1.87,2.03
Aston Villa , Chelsea,Sunday, 21 Jun 2020, 15:15,1,2,6.75,4.75,1.44,1.72,2.1
Newcastle , Sheffield Utd,Sunday, 21 Jun 2020, 13:00,3,0,3.3,3,2.4,2.75,1.44
Bournemouth , Crystal Palace,Saturday, 20 Jun 2020, 18:45,0,2,2.7,3.1,2.75,2.3,1.61
West Ham , Wolves,Saturday, 20 Jun 2020, 16:30,0,2,4,3.5,1.9,2.5,1.53
Brighton , Arsenal,Saturday, 20 Jun 2020, 14:00,2,1,3.2,3.4,2.25,2,1.8
Watford , Leicester,Saturday, 20 Jun 2020, 11:30,1,1,3.6,3.5,2.05,2.1,1.72
Tottenham , Manchester Utd,Friday, 19 Jun 2020, 19:15,1,1,3.25,3.4,2.2,1.9,1.9
Norwich , Southampton,Friday, 19 Jun 2020, 17:00,0,3,2.8,3.4,2.5,1.9,1.9
Manchester City , Arsenal,Wednesday, 17 Jun 2020, 19:15,3,0,1.28,6.26,9.59,1.42,2.85
Aston Villa , Sheffield Utd,Wednesday, 17 Jun 2020, 17:00,0,0,3.27,3.29,2.31,2.17,1.7
Leicester , Aston Villa,Monday, 09 Mar 2020, 20:00,4,0,1.5,4.5,6,1.61,2.3
Manchester Utd , Manchester City,Sunday, 08 Mar 2020, 16:30,2,0,4.5,4,1.72,1.9,1.9
Chelsea , Everton,Sunday, 08 Mar 2020, 14:00,4,0,1.83,3.9,4,1.72,2.1
Burnley , Tottenham,Saturday, 07 Mar 2020, 17:30,1,1,2.62,3.4,2.62,2.1,1.72
Arsenal , West Ham,Saturday, 07 Mar 2020, 15:00,1,0,1.6,4.2,5.25,1.53,2.5
Crystal Palace , Watford,Saturday, 07 Mar 2020, 15:00,1,0,2.7,3.1,2.8,2.3,1.61
Sheffield Utd , Norwich,Saturday, 07 Mar 2020, 15:00,1,0,1.66,3.75,5.25,2,1.8
Southampton , Newcastle,Saturday, 07 Mar 2020, 15:00,0,1,1.72,3.8,4.75,2,1.8
Wolves , Brighton,Saturday, 07 Mar 2020, 15:00,0,0,1.7,3.8,5,2.1,1.72
Liverpool , Bournemouth,Saturday, 07 Mar 2020, 12:30,2,1,1.2,7.5,12,1.4,3
Everton , Manchester Utd,Sunday, 01 Mar 2020, 14:00,1,1,2.8,3.4,2.5,1.9,1.9
Tottenham , Wolves,Sunday, 01 Mar 2020, 14:00,2,3,2.75,3.1,2.7,2.37,1.57
Watford , Liverpool,Saturday, 29 Feb 2020, 17:30,3,0,6.5,4.75,1.45,1.66,2.2
Bournemouth , Chelsea,Saturday, 29 Feb 2020, 15:00,2,2,4.1,3.7,1.85,1.8,2
Newcastle , Burnley,Saturday, 29 Feb 2020, 15:00,0,0,2.62,3.2,2.75,2,1.8
West Ham , Southampton,Saturday, 29 Feb 2020, 15:00,3,1,2.45,3.5,2.75,1.8,2
Brighton , Crystal Palace,Saturday, 29 Feb 2020, 12:30,0,1,2.1,3.25,3.75,2.5,1.53
Norwich , Leicester,Friday, 28 Feb 2020, 20:00,1,0,4.2,3.8,1.83,1.66,2.2
Liverpool , West Ham,Monday, 24 Feb 2020, 20:00,3,2,1.13,9,17,1.36,3.2
Arsenal , Everton,Sunday, 23 Feb 2020, 16:30,3,2,1.95,3.7,3.7,1.72,2.1
Manchester Utd , Watford,Sunday, 23 Feb 2020, 14:00,3,0,1.57,4,6,1.9,1.9
Wolves , Norwich,Sunday, 23 Feb 2020, 14:00,3,0,1.5,4.33,6.5,1.9,1.9
Leicester , Manchester City,Saturday, 22 Feb 2020, 17:30,0,1,5.25,4.75,1.53,1.53,2.5
Burnley , Bournemouth,Saturday, 22 Feb 2020, 15:00,3,0,2.15,3.25,3.5,2.2,1.66
Crystal Palace , Newcastle,Saturday, 22 Feb 2020, 15:00,1,0,2.1,3.2,3.75,2.3,1.61
Sheffield Utd , Brighton,Saturday, 22 Feb 2020, 15:00,1,1,1.85,3.5,4.33,2.3,1.61
Southampton , Aston Villa,Saturday, 22 Feb 2020, 15:00,2,0,1.66,4.1,4.75,1.61,2.3
Chelsea , Tottenham,Saturday, 22 Feb 2020, 12:30,2,1,1.8,3.6,4.5,2.1,1.72
Manchester City , West Ham,Wednesday, 19 Feb 2020, 19:30,2,0,1.12,9.5,17,1.28,3.75
Chelsea , Manchester Utd,Monday, 17 Feb 2020, 20:00,0,2,1.95,3.4,4,2,1.8
Arsenal , Newcastle,Sunday, 16 Feb 2020, 16:30,4,0,1.44,4.5,7.5,1.72,2.1
Aston Villa , Tottenham,Sunday, 16 Feb 2020, 14:00,2,3,3.8,3.75,1.9,1.72,2.1
Norwich , Liverpool,Saturday, 15 Feb 2020, 17:30,0,1,9,5.75,1.3,1.44,2.75
Southampton , Burnley,Saturday, 15 Feb 2020, 12:30,1,2,1.66,3.9,5,1.72,2.1
Wolves , Leicester,Friday, 14 Feb 2020, 20:00,0,0,2.62,3.25,2.75,2,1.8
Sheffield Utd , Bournemouth,Sunday, 09 Feb 2020, 14:00,2,1,1.72,3.5,5.25,2.5,1.53
Brighton , Watford,Saturday, 08 Feb 2020, 17:30,1,1,2.25,3.4,3.2,1.9,1.9
Everton , Crystal Palace,Saturday, 08 Feb 2020, 12:30,3,1,1.61,3.75,5.75,2.2,1.66
Tottenham , Manchester City,Sunday, 02 Feb 2020, 16:30,2,0,5.5,4.5,1.53,1.53,2.5
Burnley , Arsenal,Sunday, 02 Feb 2020, 14:00,0,0,3.9,3.75,1.9,1.72,2.1
Manchester Utd , Wolves,Saturday, 01 Feb 2020, 17:30,0,0,2.1,3.4,3.5,2.2,1.66
Bournemouth , Aston Villa,Saturday, 01 Feb 2020, 15:00,2,1,2.15,3.4,3.4,2,1.8
Crystal Palace , Sheffield Utd,Saturday, 01 Feb 2020, 15:00,0,1,3.1,3,2.5,2.75,1.44
Liverpool , Southampton,Saturday, 01 Feb 2020, 15:00,4,0,1.28,5.75,9.5,1.53,2.5
Newcastle , Norwich,Saturday, 01 Feb 2020, 15:00,0,0,2.2,3.4,3.3,2.1,1.72
Watford , Everton,Saturday, 01 Feb 2020, 15:00,2,3,2.9,3.4,2.4,2,1.8
West Ham , Brighton,Saturday, 01 Feb 2020, 15:00,3,3,2.4,3.4,2.87,1.9,1.9
Leicester , Chelsea,Saturday, 01 Feb 2020, 12:30,2,2,2.5,3.5,2.7,1.8,2
West Ham , Liverpool,Wednesday, 29 Jan 2020, 19:45,0,2,8.5,5.25,1.33,1.57,2.37
Wolves , Liverpool,Thursday, 23 Jan 2020, 20:00,1,2,5.25,4,1.61,1.9,1.9
Manchester Utd , Burnley,Wednesday, 22 Jan 2020, 20:15,0,2,1.4,4.6,8,1.9,1.9
Leicester , West Ham,Wednesday, 22 Jan 2020, 19:30,4,1,1.45,4.75,6.5,1.57,2.37
Tottenham , Norwich,Wednesday, 22 Jan 2020, 19:30,2,1,1.33,5.25,9,1.57,2.37
Chelsea , Arsenal,Tuesday, 21 Jan 2020, 20:15,2,2,1.72,3.9,4.5,1.8,2
Aston Villa , Watford,Tuesday, 21 Jan 2020, 19:30,2,1,3.1,3.4,2.3,1.9,1.9
Bournemouth , Brighton,Tuesday, 21 Jan 2020, 19:30,3,1,2.75,3.3,2.55,2.1,1.72
Everton , Newcastle,Tuesday, 21 Jan 2020, 19:30,2,2,1.5,4.2,6.5,2,1.8
Sheffield Utd , Manchester City,Tuesday, 21 Jan 2020, 19:30,0,1,8,5,1.36,1.72,2.1
Crystal Palace , Southampton,Tuesday, 21 Jan 2020, 19:30,0,2,2.75,3.2,2.7,2.37,1.57
Liverpool , Manchester Utd,Sunday, 19 Jan 2020, 16:30,2,0,1.4,4.75,7.5,1.72,2.1
Burnley , Leicester,Sunday, 19 Jan 2020, 14:00,2,1,4.2,3.6,1.85,1.9,1.9
Newcastle , Chelsea,Saturday, 18 Jan 2020, 17:30,1,0,5.5,4.33,1.55,1.8,2
Arsenal , Sheffield Utd,Saturday, 18 Jan 2020, 15:00,1,1,1.95,3.4,4,2.1,1.72
Brighton , Aston Villa,Saturday, 18 Jan 2020, 15:00,1,1,1.65,4.2,4.75,1.66,2.2
Manchester City , Crystal Palace,Saturday, 18 Jan 2020, 15:00,2,2,1.08,11,26,1.28,3.75
Norwich , Bournemouth,Saturday, 18 Jan 2020, 15:00,1,0,2.25,3.5,3.1,1.8,2
Southampton , Wolves,Saturday, 18 Jan 2020, 15:00,2,3,2.6,3.1,2.87,2.3,1.61
West Ham , Everton,Saturday, 18 Jan 2020, 15:00,1,1,2.9,3.4,2.4,1.9,1.9
Watford , Tottenham,Saturday, 18 Jan 2020, 12:30,0,0,2.9,3.75,2.25,1.9,1.9
Aston Villa , Manchester City,Sunday, 12 Jan 2020, 16:30,1,6,15,10,1.12,1.28,3.75
Bournemouth , Watford,Sunday, 12 Jan 2020, 14:00,0,3,2.5,3.5,2.7,2,1.8
Tottenham , Liverpool,Saturday, 11 Jan 2020, 17:30,0,1,4.75,4.1,1.66,1.66,2.2
Chelsea , Burnley,Saturday, 11 Jan 2020, 15:00,3,0,1.3,5.5,9.5,1.72,2.1
Everton , Brighton,Saturday, 11 Jan 2020, 15:00,1,0,1.9,3.9,3.75,1.9,1.9
Leicester , Southampton,Saturday, 11 Jan 2020, 15:00,1,2,1.7,3.8,5,1.72,2.1
Manchester Utd , Norwich,Saturday, 11 Jan 2020, 15:00,4,0,1.33,5.5,8,1.61,2.3
Wolves , Newcastle,Saturday, 11 Jan 2020, 15:00,1,1,1.44,4.33,7.5,1.9,1.9
Crystal Palace , Arsenal,Saturday, 11 Jan 2020, 12:30,1,1,4.33,3.9,1.75,1.9,1.9
Sheffield Utd , West Ham,Friday, 10 Jan 2020, 20:00,1,0,1.9,3.4,4.2,2.1,1.72
Liverpool , Sheffield Utd,Thursday, 02 Jan 2020, 20:00,2,0,1.25,5.75,12,1.72,2.1
Arsenal , Manchester Utd,Wednesday, 01 Jan 2020, 20:00,2,0,2.6,3.7,2.5,1.61,2.3
Manchester City , Everton,Wednesday, 01 Jan 2020, 17:30,2,1,1.28,6,9,1.44,2.75
Norwich , Crystal Palace,Wednesday, 01 Jan 2020, 17:30,1,1,2.35,3.4,3,2,1.8
West Ham , Bournemouth,Wednesday, 01 Jan 2020, 17:30,4,0,1.86,3.7,4,1.9,1.9
Newcastle , Leicester,Wednesday, 01 Jan 2020, 15:00,0,3,4.2,3.8,1.8,1.9,1.9
Southampton , Tottenham,Wednesday, 01 Jan 2020, 15:00,1,0,3.5,3.9,1.95,1.66,2.2
Watford , Wolves,Wednesday, 01 Jan 2020, 15:00,2,1,3.2,3.3,2.3,2.2,1.66
Brighton , Chelsea,Wednesday, 01 Jan 2020, 12:30,1,1,3.6,4,1.9,1.72,2.1
Burnley , Aston Villa,Wednesday, 01 Jan 2020, 12:30,1,2,1.95,3.5,3.9,2,1.8
Manchester City , Sheffield Utd,Sunday, 29 Dec 2019, 18:00,2,0,1.2,7.5,12,1.36,3.2
Liverpool , Wolves,Sunday, 29 Dec 2019, 16:30,1,0,1.25,6.5,10,1.53,2.5
Arsenal , Chelsea,Sunday, 29 Dec 2019, 14:00,1,2,2.8,3.8,2.3,1.66,2.2
Burnley , Manchester Utd,Saturday, 28 Dec 2019, 19:45,0,2,4.1,3.7,1.85,1.9,1.9
Norwich , Tottenham,Saturday, 28 Dec 2019, 17:30,2,2,4.5,4.33,1.65,1.53,2.5
West Ham , Leicester,Saturday, 28 Dec 2019, 17:30,1,2,2.5,3.75,2.6,1.72,2.1
Newcastle , Everton,Saturday, 28 Dec 2019, 15:00,1,2,3.2,3.3,2.3,2,1.8
Southampton , Crystal Palace,Saturday, 28 Dec 2019, 15:00,1,1,1.9,3.6,4,2.1,1.72
Watford , Aston Villa,Saturday, 28 Dec 2019, 15:00,3,0,1.75,4,4.2,1.61,2.3
Brighton , Bournemouth,Saturday, 28 Dec 2019, 12:30,2,0,1.75,3.8,4.5,1.9,1.9
Wolves , Manchester City,Friday, 27 Dec 2019, 19:45,3,2,6.5,5.5,1.4,1.53,2.5
Leicester , Liverpool,Thursday, 26 Dec 2019, 20:00,0,4,3.4,4,1.95,1.53,2.5
Manchester Utd , Newcastle,Thursday, 26 Dec 2019, 17:30,4,1,1.33,5.5,8.5,1.72,2.1
Aston Villa , Norwich,Thursday, 26 Dec 2019, 15:00,1,0,2.2,3.75,3,1.53,2.5
Bournemouth , Arsenal,Thursday, 26 Dec 2019, 15:00,1,1,3.8,4,1.83,1.57,2.37
Chelsea , Southampton,Thursday, 26 Dec 2019, 15:00,0,2,1.36,5,8.5,1.57,2.37
Crystal Palace , West Ham,Thursday, 26 Dec 2019, 15:00,2,1,2.2,3.4,3.25,2,1.8
Everton , Burnley,Thursday, 26 Dec 2019, 15:00,1,0,1.7,3.6,5.25,2,1.8
Sheffield Utd , Watford,Thursday, 26 Dec 2019, 15:00,1,1,1.8,3.5,4.6,2.1,1.72
Tottenham , Brighton,Thursday, 26 Dec 2019, 12:30,2,1,1.5,4.5,6,1.61,2.3
Tottenham , Chelsea,Sunday, 22 Dec 2019, 16:30,0,2,2.3,3.6,2.9,1.66,2.2
Watford , Manchester Utd,Sunday, 22 Dec 2019, 14:00,2,0,4.75,3.8,1.72,1.8,2
Manchester City , Leicester,Saturday, 21 Dec 2019, 17:30,3,1,1.36,5.75,7,1.36,3.2
Aston Villa , Southampton,Saturday, 21 Dec 2019, 15:00,1,3,2.4,3.8,2.7,1.57,2.37
Bournemouth , Burnley,Saturday, 21 Dec 2019, 15:00,0,1,2.37,3.3,3,2,1.8
Brighton , Sheffield Utd,Saturday, 21 Dec 2019, 15:00,0,1,2.1,3.4,3.5,2,1.8
Newcastle , Crystal Palace,Saturday, 21 Dec 2019, 15:00,1,0,2.4,3.1,3.2,2.5,1.53
Norwich , Wolves,Saturday, 21 Dec 2019, 15:00,1,2,3.9,3.9,1.85,1.8,2
Everton , Arsenal,Saturday, 21 Dec 2019, 12:30,0,0,2.05,3.8,3.25,1.53,2.5
Crystal Palace , Brighton,Monday, 16 Dec 2019, 19:45,1,1,2.75,3.25,2.7,2.1,1.72
Arsenal , Manchester City,Sunday, 15 Dec 2019, 16:30,0,3,6.5,6,1.36,1.28,3.75
Manchester Utd , Everton,Sunday, 15 Dec 2019, 14:00,1,1,1.61,4,5.5,1.72,2.1
Wolves , Tottenham,Sunday, 15 Dec 2019, 14:00,1,2,2.87,3.6,2.37,1.8,2
Southampton , West Ham,Saturday, 14 Dec 2019, 17:30,0,1,1.75,4,4.2,1.57,2.37
Burnley , Newcastle,Saturday, 14 Dec 2019, 15:00,1,0,1.95,3.5,3.9,2.3,1.61
Chelsea , Bournemouth,Saturday, 14 Dec 2019, 15:00,0,1,1.22,6.5,12,1.44,2.75
Leicester , Norwich,Saturday, 14 Dec 2019, 15:00,1,1,1.22,6.5,12,1.36,3.2
Sheffield Utd , Aston Villa,Saturday, 14 Dec 2019, 15:00,2,0,1.75,3.9,4.4,1.72,2.1
Liverpool , Watford,Saturday, 14 Dec 2019, 12:30,2,0,1.16,7.5,15,1.3,3.5
West Ham , Arsenal,Monday, 09 Dec 2019, 20:00,1,3,3.6,4,1.9,1.36,3.2
Brighton , Wolves,Sunday, 08 Dec 2019, 16:30,2,2,2.6,3.2,2.87,2.1,1.72
Aston Villa , Leicester,Sunday, 08 Dec 2019, 14:00,1,4,4.75,4.2,1.65,1.53,2.5
Newcastle , Southampton,Sunday, 08 Dec 2019, 14:00,2,1,2.55,3.3,2.8,1.9,1.9
Norwich , Sheffield Utd,Sunday, 08 Dec 2019, 14:00,1,2,3.1,3.5,2.25,1.9,1.9
Manchester City , Manchester Utd,Saturday, 07 Dec 2019, 17:30,1,2,1.3,5.75,9,1.5,2.62
Bournemouth , Liverpool,Saturday, 07 Dec 2019, 15:00,0,3,6,4.5,1.5,1.57,2.37
Tottenham , Burnley,Saturday, 07 Dec 2019, 15:00,5,0,1.4,4.75,7.5,1.61,2.3
Watford , Crystal Palace,Saturday, 07 Dec 2019, 15:00,0,0,2.4,3.4,2.9,2,1.8
Everton , Chelsea,Saturday, 07 Dec 2019, 12:30,3,1,3.1,3.8,2.15,1.61,2.3
Arsenal , Brighton,Thursday, 05 Dec 2019, 20:15,1,2,1.61,4.33,5,1.5,2.62
Sheffield Utd , Newcastle,Thursday, 05 Dec 2019, 19:30,0,2,1.8,3.4,5,2.2,1.66
Liverpool , Everton,Wednesday, 04 Dec 2019, 20:15,5,2,1.6,4,5.5,1.66,2.2
Chelsea , Aston Villa,Wednesday, 04 Dec 2019, 19:30,2,1,1.33,5.25,8.5,1.36,3.2
Leicester , Watford,Wednesday, 04 Dec 2019, 19:30,2,0,1.33,5.25,8.5,1.53,2.5
Manchester Utd , Tottenham,Wednesday, 04 Dec 2019, 19:30,2,1,2.5,3.4,2.8,1.8,2
Southampton , Norwich,Wednesday, 04 Dec 2019, 19:30,2,1,1.75,3.8,4.5,1.66,2.2
Wolves , West Ham,Wednesday, 04 Dec 2019, 19:30,2,0,1.66,3.8,5.25,1.8,2
Burnley , Manchester City,Tuesday, 03 Dec 2019, 20:15,1,4,13,6.5,1.22,1.4,3
Crystal Palace , Bournemouth,Tuesday, 03 Dec 2019, 19:30,1,0,2.2,3.5,3.2,1.9,1.9
Leicester , Everton,Sunday, 01 Dec 2019, 16:30,2,1,1.57,4.2,5.75,1.8,2
Manchester Utd , Aston Villa,Sunday, 01 Dec 2019, 16:30,2,2,1.44,4.75,7,1.53,2.5
Norwich , Arsenal,Sunday, 01 Dec 2019, 14:00,2,2,4.2,4.33,1.7,1.4,3
Wolves , Sheffield Utd,Sunday, 01 Dec 2019, 14:00,1,1,2.2,3,3.75,2.37,1.57
Southampton , Watford,Saturday, 30 Nov 2019, 17:30,2,1,2.05,3.6,3.5,1.9,1.9
Burnley , Crystal Palace,Saturday, 30 Nov 2019, 15:00,0,2,2,3.4,3.8,2.1,1.72
Chelsea , West Ham,Saturday, 30 Nov 2019, 15:00,0,1,1.25,6.5,10,1.36,3.2
Liverpool , Brighton,Saturday, 30 Nov 2019, 15:00,2,1,1.18,7,16,1.4,3
Tottenham , Bournemouth,Saturday, 30 Nov 2019, 15:00,3,2,1.28,5.75,9.5,1.53,2.5
Newcastle , Manchester City,Saturday, 30 Nov 2019, 12:30,2,2,13,8,1.16,1.4,3
Aston Villa , Newcastle,Monday, 25 Nov 2019, 20:00,2,0,2.15,3.4,3.4,1.72,2.1
Sheffield Utd , Manchester Utd,Sunday, 24 Nov 2019, 16:30,3,3,3.75,3.4,2.05,2.3,1.61
Manchester City , Chelsea,Saturday, 23 Nov 2019, 17:30,2,1,1.36,5.5,7,1.36,3.2
Arsenal , Southampton,Saturday, 23 Nov 2019, 15:00,2,2,1.45,4.75,6.5,1.44,2.75
Bournemouth , Wolves,Saturday, 23 Nov 2019, 15:00,1,2,2.87,3.25,2.5,2.3,1.61
Brighton , Leicester,Saturday, 23 Nov 2019, 15:00,0,2,3.75,3.6,1.95,1.9,1.9
Crystal Palace , Liverpool,Saturday, 23 Nov 2019, 15:00,1,2,6.5,4.4,1.5,1.66,2.2
Everton , Norwich,Saturday, 23 Nov 2019, 15:00,0,2,1.33,5.25,8.5,1.5,2.62
Watford , Burnley,Saturday, 23 Nov 2019, 15:00,0,3,2.2,3.25,3.4,2,1.8
West Ham , Tottenham,Saturday, 23 Nov 2019, 12:30,2,3,4.5,4.33,1.66,1.57,2.37
Liverpool , Manchester City,Sunday, 10 Nov 2019, 16:30,3,1,2.7,3.6,2.5,1.53,2.5
Manchester Utd , Brighton,Sunday, 10 Nov 2019, 14:00,3,1,1.6,3.8,6,1.9,1.9
Wolves , Aston Villa,Sunday, 10 Nov 2019, 14:00,2,1,1.66,3.8,5.25,1.9,1.9
Leicester , Arsenal,Saturday, 09 Nov 2019, 17:30,2,0,1.85,4,3.75,1.44,2.75
Burnley , West Ham,Saturday, 09 Nov 2019, 15:00,3,0,2.1,3.6,3.3,1.66,2.2
Newcastle , Bournemouth,Saturday, 09 Nov 2019, 15:00,2,1,2.55,3.25,2.8,2.1,1.72
Southampton , Everton,Saturday, 09 Nov 2019, 15:00,1,2,3.1,3.5,2.25,2,1.8
Tottenham , Sheffield Utd,Saturday, 09 Nov 2019, 15:00,1,1,1.5,4.33,6.5,1.72,2.1
Chelsea , Crystal Palace,Saturday, 09 Nov 2019, 12:30,2,0,1.4,4.75,7.5,1.61,2.3
Norwich , Watford,Friday, 08 Nov 2019, 20:00,0,2,2.8,3.6,2.37,1.66,2.2
Everton , Tottenham,Sunday, 03 Nov 2019, 16:30,1,1,2.5,3.6,2.7,1.61,2.3
Crystal Palace , Leicester,Sunday, 03 Nov 2019, 14:00,0,2,3.6,3.4,2.05,1.9,1.9
Watford , Chelsea,Saturday, 02 Nov 2019, 17:30,1,2,5,4.33,1.6,1.61,2.3
Arsenal , Wolves,Saturday, 02 Nov 2019, 15:00,1,1,1.72,3.9,4.5,1.66,2.2
Aston Villa , Liverpool,Saturday, 02 Nov 2019, 15:00,1,2,9,6,1.28,1.4,3
Brighton , Norwich,Saturday, 02 Nov 2019, 15:00,2,0,1.55,4.33,5.5,1.57,2.37
Manchester City , Southampton,Saturday, 02 Nov 2019, 15:00,2,1,1.07,13,23,1.22,4.33
Sheffield Utd , Burnley,Saturday, 02 Nov 2019, 15:00,3,0,2.25,3.25,3.25,2.37,1.57
West Ham , Newcastle,Saturday, 02 Nov 2019, 15:00,2,3,1.75,3.8,4.5,1.8,2
Bournemouth , Manchester Utd,Saturday, 02 Nov 2019, 12:30,1,0,3.5,3.6,2.05,1.9,1.9
Arsenal , Crystal Palace,Sunday, 27 Oct 2019, 16:30,2,2,1.44,4.75,6.5,1.53,2.5
Liverpool , Tottenham,Sunday, 27 Oct 2019, 16:30,2,1,1.45,4.75,6.5,1.4,3
Norwich , Manchester Utd,Sunday, 27 Oct 2019, 16:30,1,3,4.5,3.8,1.75,1.9,1.9
Newcastle , Wolves,Sunday, 27 Oct 2019, 14:00,1,1,3.4,3,2.35,2.5,1.53
Burnley , Chelsea,Saturday, 26 Oct 2019, 16:30,2,4,4.75,4.1,1.66,1.9,1.9
Brighton , Everton,Saturday, 26 Oct 2019, 14:00,3,2,2.62,3.25,2.75,2,1.8
Watford , Bournemouth,Saturday, 26 Oct 2019, 14:00,0,0,2.25,3.5,3.1,1.66,2.2
West Ham , Sheffield Utd,Saturday, 26 Oct 2019, 14:00,1,1,2.2,3.4,3.25,1.9,1.9
Manchester City , Aston Villa,Saturday, 26 Oct 2019, 11:30,3,0,1.08,12,21,1.16,5
Southampton , Leicester,Friday, 25 Oct 2019, 19:00,0,9,3.1,3.4,2.3,2,1.8
Sheffield Utd , Arsenal,Monday, 21 Oct 2019, 19:00,1,0,3.6,3.6,2,1.9,1.9
Manchester Utd , Liverpool,Sunday, 20 Oct 2019, 15:30,1,1,4,3.6,1.9,2,1.8
Crystal Palace , Manchester City,Saturday, 19 Oct 2019, 16:30,0,2,11,8,1.2,1.4,3
Aston Villa , Brighton,Saturday, 19 Oct 2019, 14:00,2,1,2.3,3.5,3,1.8,2
Bournemouth , Norwich,Saturday, 19 Oct 2019, 14:00,0,0,1.72,4.2,4.2,1.4,3
Chelsea , Newcastle,Saturday, 19 Oct 2019, 14:00,1,0,1.25,6,11,1.53,2.5
Leicester , Burnley,Saturday, 19 Oct 2019, 14:00,2,1,1.45,4.33,7,1.66,2.2
Tottenham , Watford,Saturday, 19 Oct 2019, 14:00,1,1,1.45,4.5,7,1.57,2.37
Wolves , Southampton,Saturday, 19 Oct 2019, 14:00,1,1,2,3.25,4,2.3,1.61
Everton , West Ham,Saturday, 19 Oct 2019, 11:30,2,0,1.75,4,4.2,1.57,2.37
Newcastle , Manchester Utd,Sunday, 06 Oct 2019, 15:30,1,0,3.8,3.25,2.05,2.1,1.72
Arsenal , Bournemouth,Sunday, 06 Oct 2019, 13:00,1,0,1.36,5.5,7,1.28,3.75
Manchester City , Wolves,Sunday, 06 Oct 2019, 13:00,0,2,1.12,8.5,21,1.36,3.2
Southampton , Chelsea,Sunday, 06 Oct 2019, 13:00,1,4,4.6,4.2,1.66,1.53,2.5
West Ham , Crystal Palace,Saturday, 05 Oct 2019, 16:30,1,2,1.95,3.6,3.75,1.72,2.1
Burnley , Everton,Saturday, 05 Oct 2019, 14:00,1,0,3.2,3.1,2.37,2,1.8
Liverpool , Leicester,Saturday, 05 Oct 2019, 14:00,2,1,1.57,4.2,5.5,1.57,2.37
Norwich , Aston Villa,Saturday, 05 Oct 2019, 14:00,1,5,2.37,3.6,2.8,1.53,2.5
Watford , Sheffield Utd,Saturday, 05 Oct 2019, 14:00,0,0,2.3,3.2,3.25,2.1,1.72
Brighton , Tottenham,Saturday, 05 Oct 2019, 11:30,3,0,4.75,3.9,1.7,1.72,2.1
Manchester Utd , Arsenal,Monday, 30 Sep 2019, 19:00,1,1,2.2,3.6,3.1,1.61,2.3
Leicester , Newcastle,Sunday, 29 Sep 2019, 15:30,5,0,1.5,4,7,1.9,1.9
Everton , Manchester City,Saturday, 28 Sep 2019, 16:30,1,3,8,5.5,1.33,1.57,2.37
Aston Villa , Burnley,Saturday, 28 Sep 2019, 14:00,2,2,2.25,3.4,3.2,1.9,1.9
Bournemouth , West Ham,Saturday, 28 Sep 2019, 14:00,2,2,2.37,3.6,2.8,1.53,2.5
Chelsea , Brighton,Saturday, 28 Sep 2019, 14:00,2,0,1.4,4.75,7.5,1.61,2.3
Crystal Palace , Norwich,Saturday, 28 Sep 2019, 14:00,2,0,1.9,3.75,3.75,1.72,2.1
Tottenham , Southampton,Saturday, 28 Sep 2019, 14:00,2,1,1.36,5.25,7.5,1.53,2.5
Wolves , Watford,Saturday, 28 Sep 2019, 14:00,2,0,1.9,3.4,4.2,1.9,1.9
Sheffield Utd , Liverpool,Saturday, 28 Sep 2019, 11:30,0,1,9,5.25,1.33,1.61,2.3
Arsenal , Aston Villa,Sunday, 22 Sep 2019, 15:30,3,2,1.4,5,7,1.4,3
Chelsea , Liverpool,Sunday, 22 Sep 2019, 15:30,1,2,3.2,3.75,2.1,1.53,2.5
Crystal Palace , Wolves,Sunday, 22 Sep 2019, 13:00,1,1,2.7,3.1,2.8,2.37,1.57
West Ham , Manchester Utd,Sunday, 22 Sep 2019, 13:00,2,0,3,3.5,2.3,1.8,2
Newcastle , Brighton,Saturday, 21 Sep 2019, 16:30,0,0,2.37,3.2,3.1,2.3,1.61
Burnley , Norwich,Saturday, 21 Sep 2019, 14:00,2,0,2,3.75,3.5,1.66,2.2
Everton , Sheffield Utd,Saturday, 21 Sep 2019, 14:00,0,2,1.72,3.6,5,2,1.8
Manchester City , Watford,Saturday, 21 Sep 2019, 14:00,8,0,1.08,11,23,1.25,4
Leicester , Tottenham,Saturday, 21 Sep 2019, 11:30,2,1,2.62,3.4,2.6,1.8,2
Southampton , Bournemouth,Friday, 20 Sep 2019, 19:00,1,3,2.15,3.5,3.3,1.66,2.2
Aston Villa , West Ham,Monday, 16 Sep 2019, 19:00,0,0,2.7,3.5,2.5,1.57,2.37
Watford , Arsenal,Sunday, 15 Sep 2019, 15:30,2,2,4,3.9,1.85,1.53,2.5
Bournemouth , Everton,Sunday, 15 Sep 2019, 13:00,3,1,3.2,3.5,2.2,1.8,2
Norwich , Manchester City,Saturday, 14 Sep 2019, 16:30,3,2,23,11,1.08,1.22,4.33
Brighton , Burnley,Saturday, 14 Sep 2019, 14:00,1,1,2.05,3.4,3.7,2.1,1.72
Manchester Utd , Leicester,Saturday, 14 Sep 2019, 14:00,1,0,2.1,3.25,3.75,2,1.8
Sheffield Utd , Southampton,Saturday, 14 Sep 2019, 14:00,0,1,2.4,3.3,3,2.2,1.66
Tottenham , Crystal Palace,Saturday, 14 Sep 2019, 14:00,4,0,1.36,5,8,1.57,2.37
Wolves , Chelsea,Saturday, 14 Sep 2019, 14:00,2,5,3,3.4,2.37,2,1.8
Liverpool , Newcastle,Saturday, 14 Sep 2019, 11:30,3,1,1.18,7.5,13,1.5,2.62
Arsenal , Tottenham,Sunday, 01 Sep 2019, 15:30,2,2,2.55,3.6,2.62,1.53,2.5
Everton , Wolves,Sunday, 01 Sep 2019, 13:00,3,2,2,3.25,4,2.3,1.61
Burnley , Liverpool,Saturday, 31 Aug 2019, 16:30,0,3,8.5,5.25,1.33,1.53,2.5
Chelsea , Sheffield Utd,Saturday, 31 Aug 2019, 14:00,2,2,1.36,4.75,8,1.72,2.1
Crystal Palace , Aston Villa,Saturday, 31 Aug 2019, 14:00,1,0,2.2,3.4,3.3,1.9,1.9
Leicester , Bournemouth,Saturday, 31 Aug 2019, 14:00,3,1,1.61,4,5.25,1.72,2.1
Manchester City , Brighton,Saturday, 31 Aug 2019, 14:00,4,0,1.08,11,26,1.33,3.4
Newcastle , Watford,Saturday, 31 Aug 2019, 14:00,1,1,2.55,3.1,2.9,2.1,1.72
West Ham , Norwich,Saturday, 31 Aug 2019, 14:00,2,0,1.85,4,3.75,1.4,3
Southampton , Manchester Utd,Saturday, 31 Aug 2019, 11:30,1,1,4,3.5,1.9,1.9,1.9
Tottenham , Newcastle,Sunday, 25 Aug 2019, 15:30,0,1,1.25,6,11,1.57,2.37
Wolves , Burnley,Sunday, 25 Aug 2019, 15:30,1,1,1.75,3.4,5.25,2.2,1.66
Bournemouth , Manchester City,Sunday, 25 Aug 2019, 13:00,1,3,17,7.5,1.16,1.3,3.5
Liverpool , Arsenal,Saturday, 24 Aug 2019, 16:30,3,1,1.45,5,6,1.36,3.2
Brighton , Southampton,Saturday, 24 Aug 2019, 14:00,0,2,2.3,3.25,3.3,2,1.8
Manchester Utd , Crystal Palace,Saturday, 24 Aug 2019, 14:00,1,2,1.33,5.25,9,1.61,2.3
Sheffield Utd , Leicester,Saturday, 24 Aug 2019, 14:00,1,2,3.25,3.3,2.25,2.2,1.66
Watford , West Ham,Saturday, 24 Aug 2019, 14:00,1,3,2.15,3.5,3.3,1.66,2.2
Norwich , Chelsea,Saturday, 24 Aug 2019, 11:30,2,3,4.33,3.75,1.8,1.57,2.37
Aston Villa , Everton,Friday, 23 Aug 2019, 19:00,2,0,3,3.4,2.37,1.8,2
Wolves , Manchester Utd,Monday, 19 Aug 2019, 19:00,1,1,2.87,3.3,2.45,2.1,1.72
Chelsea , Leicester,Sunday, 18 Aug 2019, 15:30,1,1,1.7,3.75,5,1.8,2
Sheffield Utd , Crystal Palace,Sunday, 18 Aug 2019, 13:00,1,0,2.45,3.3,2.9,2.1,1.72
Manchester City , Tottenham,Saturday, 17 Aug 2019, 16:30,2,2,1.33,5.5,8,1.5,2.62
Aston Villa , Bournemouth,Saturday, 17 Aug 2019, 14:00,1,2,2.2,3.6,3.1,1.61,2.3
Brighton , West Ham,Saturday, 17 Aug 2019, 14:00,1,1,2.2,3.4,3.3,1.9,1.9
Everton , Watford,Saturday, 17 Aug 2019, 14:00,1,0,1.8,3.6,4.5,1.72,2.1
Norwich , Newcastle,Saturday, 17 Aug 2019, 14:00,3,1,2.1,3.4,3.5,1.9,1.9
Southampton , Liverpool,Saturday, 17 Aug 2019, 14:00,1,2,6.5,4.5,1.45,1.61,2.3
Arsenal , Burnley,Saturday, 17 Aug 2019, 11:30,2,1,1.33,5.25,9,1.61,2.3
Manchester Utd , Chelsea,Sunday, 11 Aug 2019, 15:30,4,0,2.05,3.5,4,2,1.8
Leicester , Wolves,Sunday, 11 Aug 2019, 13:00,0,0,2.4,3.25,3.3,2.3,1.61
Newcastle , Arsenal,Sunday, 11 Aug 2019, 13:00,0,1,3.4,3.6,2.2,1.8,2
Tottenham , Aston Villa,Saturday, 10 Aug 2019, 16:30,3,1,1.36,5.5,9,1.57,2.37
Bournemouth , Sheffield Utd,Saturday, 10 Aug 2019, 14:00,1,1,1.95,3.7,4.2,1.9,1.9
Burnley , Southampton,Saturday, 10 Aug 2019, 14:00,3,0,2.7,3.25,2.9,2.1,1.72
Crystal Palace , Everton,Saturday, 10 Aug 2019, 14:00,0,0,3.4,3.5,2.25,2.2,1.66
Watford , Brighton,Saturday, 10 Aug 2019, 14:00,0,3,2.1,3.25,4.2,2.1,1.72
West Ham , Manchester City,Saturday, 10 Aug 2019, 11:30,0,5,12,7,1.25,1.4,3
Liverpool , Norwich,Friday, 09 Aug 2019, 19:00,4,1,1.14,9.5,21,1.3,3.5
Newcastle , Manchester Utd,Sunday, 06 Oct 2019, 15:30,1,0,3.8,3.25,2.05,2.1,1.72
Arsenal , Bournemouth,Sunday, 06 Oct 2019, 13:00,1,0,1.36,5.5,7,1.28,3.75
Manchester City , Wolves,Sunday, 06 Oct 2019, 13:00,0,2,1.12,8.5,21,1.36,3.2
Southampton , Chelsea,Sunday, 06 Oct 2019, 13:00,1,4,4.6,4.2,1.66,1.53,2.5
West Ham , Crystal Palace,Saturday, 05 Oct 2019, 16:30,1,2,1.95,3.6,3.75,1.72,2.1
Burnley , Everton,Saturday, 05 Oct 2019, 14:00,1,0,3.2,3.1,2.37,2,1.8
Liverpool , Leicester,Saturday, 05 Oct 2019, 14:00,2,1,1.57,4.2,5.5,1.57,2.37
Norwich , Aston Villa,Saturday, 05 Oct 2019, 14:00,1,5,2.37,3.6,2.8,1.53,2.5
Watford , Sheffield Utd,Saturday, 05 Oct 2019, 14:00,0,0,2.3,3.2,3.25,2.1,1.72
Brighton , Tottenham,Saturday, 05 Oct 2019, 11:30,3,0,4.75,3.9,1.7,1.72,2.1
Manchester Utd , Arsenal,Monday, 30 Sep 2019, 19:00,1,1,2.2,3.6,3.1,1.61,2.3
Leicester , Newcastle,Sunday, 29 Sep 2019, 15:30,5,0,1.5,4,7,1.9,1.9
Everton , Manchester City,Saturday, 28 Sep 2019, 16:30,1,3,8,5.5,1.33,1.57,2.37
Aston Villa , Burnley,Saturday, 28 Sep 2019, 14:00,2,2,2.25,3.4,3.2,1.9,1.9
Bournemouth , West Ham,Saturday, 28 Sep 2019, 14:00,2,2,2.37,3.6,2.8,1.53,2.5
Chelsea , Brighton,Saturday, 28 Sep 2019, 14:00,2,0,1.4,4.75,7.5,1.61,2.3
Crystal Palace , Norwich,Saturday, 28 Sep 2019, 14:00,2,0,1.9,3.75,3.75,1.72,2.1
Tottenham , Southampton,Saturday, 28 Sep 2019, 14:00,2,1,1.36,5.25,7.5,1.53,2.5
Wolves , Watford,Saturday, 28 Sep 2019, 14:00,2,0,1.9,3.4,4.2,1.9,1.9
Sheffield Utd , Liverpool,Saturday, 28 Sep 2019, 11:30,0,1,9,5.25,1.33,1.61,2.3
Arsenal , Aston Villa,Sunday, 22 Sep 2019, 15:30,3,2,1.4,5,7,1.4,3
Chelsea , Liverpool,Sunday, 22 Sep 2019, 15:30,1,2,3.2,3.75,2.1,1.53,2.5
Crystal Palace , Wolves,Sunday, 22 Sep 2019, 13:00,1,1,2.7,3.1,2.8,2.37,1.57
West Ham , Manchester Utd,Sunday, 22 Sep 2019, 13:00,2,0,3,3.5,2.3,1.8,2
Newcastle , Brighton,Saturday, 21 Sep 2019, 16:30,0,0,2.37,3.2,3.1,2.3,1.61
Burnley , Norwich,Saturday, 21 Sep 2019, 14:00,2,0,2,3.75,3.5,1.66,2.2
Everton , Sheffield Utd,Saturday, 21 Sep 2019, 14:00,0,2,1.72,3.6,5,2,1.8
Manchester City , Watford,Saturday, 21 Sep 2019, 14:00,8,0,1.08,11,23,1.25,4
Leicester , Tottenham,Saturday, 21 Sep 2019, 11:30,2,1,2.62,3.4,2.6,1.8,2
Southampton , Bournemouth,Friday, 20 Sep 2019, 19:00,1,3,2.15,3.5,3.3,1.66,2.2
Aston Villa , West Ham,Monday, 16 Sep 2019, 19:00,0,0,2.7,3.5,2.5,1.57,2.37
Watford , Arsenal,Sunday, 15 Sep 2019, 15:30,2,2,4,3.9,1.85,1.53,2.5
Bournemouth , Everton,Sunday, 15 Sep 2019, 13:00,3,1,3.2,3.5,2.2,1.8,2
Norwich , Manchester City,Saturday, 14 Sep 2019, 16:30,3,2,23,11,1.08,1.22,4.33
Brighton , Burnley,Saturday, 14 Sep 2019, 14:00,1,1,2.05,3.4,3.7,2.1,1.72
Manchester Utd , Leicester,Saturday, 14 Sep 2019, 14:00,1,0,2.1,3.25,3.75,2,1.8
Sheffield Utd , Southampton,Saturday, 14 Sep 2019, 14:00,0,1,2.4,3.3,3,2.2,1.66
Tottenham , Crystal Palace,Saturday, 14 Sep 2019, 14:00,4,0,1.36,5,8,1.57,2.37
Wolves , Chelsea,Saturday, 14 Sep 2019, 14:00,2,5,3,3.4,2.37,2,1.8
Liverpool , Newcastle,Saturday, 14 Sep 2019, 11:30,3,1,1.18,7.5,13,1.5,2.62
Arsenal , Tottenham,Sunday, 01 Sep 2019, 15:30,2,2,2.55,3.6,2.62,1.53,2.5
Everton , Wolves,Sunday, 01 Sep 2019, 13:00,3,2,2,3.25,4,2.3,1.61
Burnley , Liverpool,Saturday, 31 Aug 2019, 16:30,0,3,8.5,5.25,1.33,1.53,2.5
Chelsea , Sheffield Utd,Saturday, 31 Aug 2019, 14:00,2,2,1.36,4.75,8,1.72,2.1
Crystal Palace , Aston Villa,Saturday, 31 Aug 2019, 14:00,1,0,2.2,3.4,3.3,1.9,1.9
Leicester , Bournemouth,Saturday, 31 Aug 2019, 14:00,3,1,1.61,4,5.25,1.72,2.1
Manchester City , Brighton,Saturday, 31 Aug 2019, 14:00,4,0,1.08,11,26,1.33,3.4
Newcastle , Watford,Saturday, 31 Aug 2019, 14:00,1,1,2.55,3.1,2.9,2.1,1.72
West Ham , Norwich,Saturday, 31 Aug 2019, 14:00,2,0,1.85,4,3.75,1.4,3
Southampton , Manchester Utd,Saturday, 31 Aug 2019, 11:30,1,1,4,3.5,1.9,1.9,1.9
Tottenham , Newcastle,Sunday, 25 Aug 2019, 15:30,0,1,1.25,6,11,1.57,2.37
Wolves , Burnley,Sunday, 25 Aug 2019, 15:30,1,1,1.75,3.4,5.25,2.2,1.66
Bournemouth , Manchester City,Sunday, 25 Aug 2019, 13:00,1,3,17,7.5,1.16,1.3,3.5
Liverpool , Arsenal,Saturday, 24 Aug 2019, 16:30,3,1,1.45,5,6,1.36,3.2
Brighton , Southampton,Saturday, 24 Aug 2019, 14:00,0,2,2.3,3.25,3.3,2,1.8
Manchester Utd , Crystal Palace,Saturday, 24 Aug 2019, 14:00,1,2,1.33,5.25,9,1.61,2.3
Sheffield Utd , Leicester,Saturday, 24 Aug 2019, 14:00,1,2,3.25,3.3,2.25,2.2,1.66
Watford , West Ham,Saturday, 24 Aug 2019, 14:00,1,3,2.15,3.5,3.3,1.66,2.2
Norwich , Chelsea,Saturday, 24 Aug 2019, 11:30,2,3,4.33,3.75,1.8,1.57,2.37
Aston Villa , Everton,Friday, 23 Aug 2019, 19:00,2,0,3,3.4,2.37,1.8,2
Wolves , Manchester Utd,Monday, 19 Aug 2019, 19:00,1,1,2.87,3.3,2.45,2.1,1.72
Chelsea , Leicester,Sunday, 18 Aug 2019, 15:30,1,1,1.7,3.75,5,1.8,2
Sheffield Utd , Crystal Palace,Sunday, 18 Aug 2019, 13:00,1,0,2.45,3.3,2.9,2.1,1.72
Manchester City , Tottenham,Saturday, 17 Aug 2019, 16:30,2,2,1.33,5.5,8,1.5,2.62
Aston Villa , Bournemouth,Saturday, 17 Aug 2019, 14:00,1,2,2.2,3.6,3.1,1.61,2.3
Brighton , West Ham,Saturday, 17 Aug 2019, 14:00,1,1,2.2,3.4,3.3,1.9,1.9
Everton , Watford,Saturday, 17 Aug 2019, 14:00,1,0,1.8,3.6,4.5,1.72,2.1
Norwich , Newcastle,Saturday, 17 Aug 2019, 14:00,3,1,2.1,3.4,3.5,1.9,1.9
Southampton , Liverpool,Saturday, 17 Aug 2019, 14:00,1,2,6.5,4.5,1.45,1.61,2.3
Arsenal , Burnley,Saturday, 17 Aug 2019, 11:30,2,1,1.33,5.25,9,1.61,2.3
Manchester Utd , Chelsea,Sunday, 11 Aug 2019, 15:30,4,0,2.05,3.5,4,2,1.8
Leicester , Wolves,Sunday, 11 Aug 2019, 13:00,0,0,2.4,3.25,3.3,2.3,1.61
Newcastle , Arsenal,Sunday, 11 Aug 2019, 13:00,0,1,3.4,3.6,2.2,1.8,2
Tottenham , Aston Villa,Saturday, 10 Aug 2019, 16:30,3,1,1.36,5.5,9,1.57,2.37
Bournemouth , Sheffield Utd,Saturday, 10 Aug 2019, 14:00,1,1,1.95,3.7,4.2,1.9,1.9
Burnley , Southampton,Saturday, 10 Aug 2019, 14:00,3,0,2.7,3.25,2.9,2.1,1.72
Crystal Palace , Everton,Saturday, 10 Aug 2019, 14:00,0,0,3.4,3.5,2.25,2.2,1.66
Watford , Brighton,Saturday, 10 Aug 2019, 14:00,0,3,2.1,3.25,4.2,2.1,1.72
West Ham , Manchester City,Saturday, 10 Aug 2019, 11:30,0,5,12,7,1.25,1.4,3
Liverpool , Norwich,Friday, 09 Aug 2019, 19:00,4,1,1.14,9.5,21,1.3,3.5
Brighton , Manchester City,Sunday, 12 May 2019, 14:00,1,4,15,8,1.2,1.53,2.5
Burnley , Arsenal,Sunday, 12 May 2019, 14:00,1,3,2.5,3.7,2.8,1.66,2.2
Crystal Palace , Bournemouth,Sunday, 12 May 2019, 14:00,5,3,1.8,4.4,4.1,1.5,2.62
Fulham , Newcastle,Sunday, 12 May 2019, 14:00,0,4,2.45,3.6,2.9,1.72,2.1
Leicester , Chelsea,Sunday, 12 May 2019, 14:00,0,0,2.32,3.6,2.91,1.71,2.15
Liverpool , Wolves,Sunday, 12 May 2019, 14:00,2,0,1.3,6,11,1.57,2.37
Manchester Utd , Cardiff,Sunday, 12 May 2019, 14:00,0,2,1.3,6.25,10,1.4,3
Southampton , Huddersfield,Sunday, 12 May 2019, 14:00,1,1,1.4,5,8.14,1.57,2.4
Tottenham , Everton,Sunday, 12 May 2019, 14:00,2,2,1.9,3.7,4.11,1.72,2.13
Watford , West Ham,Sunday, 12 May 2019, 14:00,1,4,2.1,3.9,3.4,1.53,2.5
Manchester City , Leicester,Monday, 06 May 2019, 19:00,1,0,1.18,9,15,1.33,3.4
Arsenal , Brighton,Sunday, 05 May 2019, 14:00,1,1,1.28,5.87,11.75,1.6,2.35
Chelsea , Watford,Sunday, 05 May 2019, 13:00,3,0,1.3,6,11,1.5,2.62
Huddersfield , Manchester Utd,Saturday, 04 May 2019, 14:00,1,1,9.57,5.56,1.33,1.65,2.24
Newcastle , Liverpool,Saturday, 04 May 2019, 18:45,2,3,9.5,5.75,1.33,1.61,2.3
Cardiff , Crystal Palace,Saturday, 04 May 2019, 16:30,2,3,2.5,3.9,2.7,1.66,2.2
West Ham , Southampton,Saturday, 04 May 2019, 14:00,3,0,2.37,3.7,3,1.66,2.2
Wolves , Fulham,Saturday, 04 May 2019, 14:00,1,0,1.5,4.5,7.5,1.9,1.9
Bournemouth , Tottenham,Saturday, 04 May 2019, 11:30,1,0,5.75,4.75,1.55,1.5,2.62
Everton , Burnley,Friday, 03 May 2019, 19:00,2,0,1.65,4,5.75,1.9,1.9
Manchester Utd , Chelsea,Sunday, 28 Apr 2019, 14:00,1,1,2.69,3.34,2.72,1.93,1.89
Burnley , Manchester City,Sunday, 28 Apr 2019, 13:05,0,1,19,10,1.14,1.44,2.75
Leicester , Arsenal,Sunday, 28 Apr 2019, 11:00,3,0,2.62,3.75,2.62,1.57,2.37
Brighton , Newcastle,Saturday, 27 Apr 2019, 14:00,1,1,2.2,3.23,3.65,2.36,1.59
Crystal Palace , Everton,Saturday, 27 Apr 2019, 14:00,0,0,2.94,3.37,2.47,1.9,1.91
Fulham , Cardiff,Saturday, 27 Apr 2019, 14:00,1,0,2.25,3.7,3.2,1.66,2.2
Southampton , Bournemouth,Saturday, 27 Apr 2019, 14:00,3,3,1.8,3.89,4.42,1.67,2.2
Watford , Wolves,Saturday, 27 Apr 2019, 14:00,1,2,2.62,3.3,2.9,2.3,1.61
Tottenham , West Ham,Saturday, 27 Apr 2019, 11:30,0,1,1.36,5.5,9,1.53,2.5
Liverpool , Huddersfield,Friday, 26 Apr 2019, 19:00,5,0,1.06,19,34,1.28,3.75
Manchester Utd , Manchester City,Wednesday, 24 Apr 2019, 19:00,0,2,6.5,4.8,1.5,1.61,2.3
Wolves , Arsenal,Wednesday, 24 Apr 2019, 18:45,3,1,2.75,3.4,2.7,1.9,1.9
Tottenham , Brighton,Tuesday, 23 Apr 2019, 18:45,1,0,1.25,6.5,13,1.72,2.1
Watford , Southampton,Tuesday, 23 Apr 2019, 18:45,1,1,2.19,3.42,3.45,1.8,2.03
Chelsea , Burnley,Monday, 22 Apr 2019, 18:45,2,2,1.23,6.48,14.08,1.6,2.33
Arsenal , Crystal Palace,Sunday, 21 Apr 2019, 15:00,2,3,1.53,4.75,6,1.53,2.5
Cardiff , Liverpool,Sunday, 21 Apr 2019, 15:00,0,2,17,8,1.18,1.5,2.62
Everton , Manchester Utd,Sunday, 21 Apr 2019, 12:30,4,0,3.25,3.6,2.25,1.9,1.9
Newcastle , Southampton,Saturday, 20 Apr 2019, 16:30,3,1,2.45,3.1,3.4,2.2,1.66
Bournemouth , Fulham,Saturday, 20 Apr 2019, 14:00,0,1,1.7,4.33,4.75,1.57,2.37
Huddersfield , Watford,Saturday, 20 Apr 2019, 14:00,1,2,4.2,3.6,1.95,1.9,1.9
West Ham , Leicester,Saturday, 20 Apr 2019, 14:00,2,2,3.21,3.53,2.25,1.68,2.2
Wolves , Brighton,Saturday, 20 Apr 2019, 14:00,0,0,1.92,3.21,4.85,2.4,1.58
Manchester City , Tottenham,Saturday, 20 Apr 2019, 11:30,1,0,1.28,6.5,10.5,1.44,2.75
Brighton , Cardiff,Tuesday, 16 Apr 2019, 18:45,0,2,2,3.3,4.5,2.3,1.61
Watford , Arsenal,Monday, 15 Apr 2019, 19:00,0,1,3.7,3.7,2.05,1.61,2.3
Liverpool , Chelsea,Sunday, 14 Apr 2019, 15:30,2,0,1.72,3.9,5.25,1.8,2
Crystal Palace , Manchester City,Sunday, 14 Apr 2019, 13:05,1,3,13,6.75,1.25,1.44,2.75
Manchester Utd , West Ham,Saturday, 13 Apr 2019, 16:30,2,1,1.33,5.75,9.5,1.5,2.62
Brighton , Bournemouth,Saturday, 13 Apr 2019, 14:00,0,5,2.3,3.25,3.5,2.1,1.72
Burnley , Cardiff,Saturday, 13 Apr 2019, 14:00,2,0,1.85,3.6,4.75,2,1.8
Fulham , Everton,Saturday, 13 Apr 2019, 14:00,2,0,5,4.33,1.66,1.61,2.3
Southampton , Wolves,Saturday, 13 Apr 2019, 14:00,3,1,2.7,3.2,2.87,2.5,1.53
Tottenham , Huddersfield,Saturday, 13 Apr 2019, 11:30,4,0,1.2,7.5,17,1.61,2.3
Leicester , Newcastle,Friday, 12 Apr 2019, 19:00,0,1,1.66,3.9,5.8,1.9,1.9
Chelsea , West Ham,Monday, 08 Apr 2019, 19:00,2,0,1.22,7,15,1.5,2.62
Everton , Arsenal,Sunday, 07 Apr 2019, 13:05,1,0,2.9,3.5,2.55,1.72,2.1
Bournemouth , Burnley,Saturday, 06 Apr 2019, 14:00,1,3,2.05,3.6,3.8,1.9,1.9
Huddersfield , Leicester,Saturday, 06 Apr 2019, 14:00,1,4,5.5,4.1,1.66,1.8,2
Newcastle , Crystal Palace,Saturday, 06 Apr 2019, 14:00,0,1,2.7,3.2,2.9,2.2,1.66
Southampton , Liverpool,Friday, 05 Apr 2019, 19:00,1,3,9,5.4,1.36,1.66,2.2
Chelsea , Brighton,Wednesday, 03 Apr 2019, 18:45,3,0,1.28,5.75,13,1.8,2
Manchester City , Cardiff,Wednesday, 03 Apr 2019, 18:45,2,0,1.06,17,34,1.22,4.33
Tottenham , Crystal Palace,Wednesday, 03 Apr 2019, 18:45,2,0,1.45,4.75,8,1.61,2.3
Watford , Fulham,Tuesday, 02 Apr 2019, 18:45,4,1,1.72,3.9,5.25,1.8,2
Wolves , Manchester Utd,Tuesday, 02 Apr 2019, 18:45,2,1,3.25,3.3,2.4,2.3,1.61
Arsenal , Newcastle,Monday, 01 Apr 2019, 19:00,2,0,1.44,4.75,8.5,1.57,2.37
Liverpool , Tottenham,Sunday, 31 Mar 2019, 15:30,2,1,1.57,4.5,6,1.57,2.37
Cardiff , Chelsea,Sunday, 31 Mar 2019, 13:05,1,2,9.5,4.75,1.4,1.72,2.1
West Ham , Everton,Saturday, 30 Mar 2019, 17:30,0,2,2.7,3.4,2.8,1.8,2
Brighton , Southampton,Saturday, 30 Mar 2019, 15:00,0,1,2.55,3.2,3.1,2.3,1.61
Burnley , Wolves,Saturday, 30 Mar 2019, 15:00,2,0,2.9,3.2,2.7,2.37,1.57
Crystal Palace , Huddersfield,Saturday, 30 Mar 2019, 15:00,2,0,1.45,4.5,8.5,1.9,1.9
Leicester , Bournemouth,Saturday, 30 Mar 2019, 15:00,2,0,1.8,4,4.5,1.66,2.2
Manchester Utd , Watford,Saturday, 30 Mar 2019, 15:00,2,1,1.4,5.25,8.5,1.61,2.3
Fulham , Manchester City,Saturday, 30 Mar 2019, 12:30,0,2,21,11,1.12,1.25,4
Everton , Chelsea,Sunday, 17 Mar 2019, 16:30,2,0,4.6,3.8,1.83,1.9,1.9
Fulham , Liverpool,Sunday, 17 Mar 2019, 14:15,1,2,13,8.5,1.2,1.4,3
Bournemouth , Newcastle,Saturday, 17 Mar 2019, 14:15,2,2,2.13,3.48,3.53,1.88,1.94
Burnley , Leicester,Saturday, 16 Mar 2019, 15:00,1,2,3.2,3.4,2.37,1.9,1.9
West Ham , Huddersfield,Saturday, 16 Mar 2019, 15:00,4,3,1.53,4.33,7,1.9,1.9
Arsenal , Manchester Utd,Sunday, 10 Mar 2019, 16:30,2,0,2.37,3.6,3.1,1.66,2.2
Chelsea , Wolves,Sunday, 10 Mar 2019, 16:30,1,1,1.57,3.89,6.8,1.99,1.84
Liverpool , Burnley,Sunday, 10 Mar 2019, 12:00,4,2,1.16,8.5,21,1.44,2.75
Manchester City , Watford,Saturday, 09 Mar 2019, 17:30,3,1,1.11,11,26,1.3,3.5
Cardiff , West Ham,Saturday, 09 Mar 2019, 15:00,2,0,3,3.5,2.45,1.9,1.9
Huddersfield , Bournemouth,Saturday, 09 Mar 2019, 15:00,0,2,3.1,3.4,2.45,2.1,1.72
Leicester , Fulham,Saturday, 09 Mar 2019, 15:00,3,1,1.57,4.4,6,1.72,2.1
Newcastle , Everton,Saturday, 09 Mar 2019, 15:00,3,2,2.75,3.2,2.87,2.37,1.57
Southampton , Tottenham,Saturday, 09 Mar 2019, 15:00,2,1,4.5,3.9,1.83,1.8,2
Crystal Palace , Brighton,Saturday, 09 Mar 2019, 12:30,1,2,1.9,3.3,5,2.5,1.53
Everton , Liverpool,Sunday, 09 Mar 2019, 12:30,0,0,6.18,3.98,1.59,1.87,1.95
Fulham , Chelsea,Sunday, 03 Mar 2019, 14:05,1,2,9,5,1.4,1.66,2.2
Watford , Leicester,Sunday, 03 Mar 2019, 12:00,2,1,2.75,3.4,2.75,1.9,1.9
West Ham , Newcastle,Saturday, 02 Mar 2019, 17:30,2,0,2.2,3.4,3.6,2,1.8
Bournemouth , Manchester City,Saturday, 02 Mar 2019, 15:00,0,1,15,9,1.18,1.36,3.2
Brighton , Huddersfield,Saturday, 02 Mar 2019, 15:00,1,0,1.8,3.4,5.75,2.5,1.53
Burnley , Crystal Palace,Saturday, 02 Mar 2019, 15:00,1,3,2.9,3.3,2.62,2.1,1.72
Manchester Utd , Southampton,Saturday, 02 Mar 2019, 15:00,3,2,1.44,4.6,8.5,1.72,2.1
Wolves , Cardiff,Saturday, 02 Mar 2019, 15:00,2,0,1.75,3.5,6,2.2,1.66
Tottenham , Arsenal,Saturday, 02 Mar 2019, 12:30,1,1,2,3.6,4,1.61,2.3
Chelsea , Tottenham,Wednesday, 27 Feb 2019, 20:00,2,0,2.37,3.3,3.3,1.9,1.9
Crystal Palace , Manchester Utd,Wednesday, 27 Feb 2019, 20:00,1,3,3.4,3.3,2.35,2.1,1.72
Liverpool , Watford,Wednesday, 27 Feb 2019, 20:00,5,0,1.28,6,12,1.53,2.5
Manchester City , West Ham,Wednesday, 27 Feb 2019, 20:00,1,0,1.11,12,23,1.25,4
Arsenal , Bournemouth,Wednesday, 27 Feb 2019, 19:45,5,1,1.4,5.25,8,1.44,2.75
Southampton , Fulham,Wednesday, 27 Feb 2019, 19:45,2,0,1.95,3.5,4.33,1.9,1.9
Newcastle , Burnley,Tuesday, 26 Feb 2019, 20:00,2,0,2.2,3.3,3.75,2.2,1.66
Cardiff , Everton,Tuesday, 26 Feb 2019, 19:45,0,3,3.9,3.4,2.1,2,1.8
Huddersfield , Wolves,Tuesday, 26 Feb 2019, 19:45,1,0,5.5,3.7,1.75,2.5,1.53
Leicester , Brighton,Tuesday, 26 Feb 2019, 19:45,2,1,1.83,3.5,5.25,2.2,1.66
Arsenal , Southampton,Sunday, 24 Feb 2019, 14:05,2,0,1.55,4.33,6.5,1.66,2.2
Manchester Utd , Liverpool,Sunday, 24 Feb 2019, 14:05,0,0,3.5,3.5,2.2,1.8,2
Leicester , Crystal Palace,Saturday, 23 Feb 2019, 17:30,1,4,2.3,3.4,3.4,2.1,1.72
Bournemouth , Wolves,Saturday, 23 Feb 2019, 15:00,1,1,3.1,3.4,2.45,2.1,1.72
Newcastle , Huddersfield,Saturday, 23 Feb 2019, 15:00,2,0,1.9,3.4,4.75,2.5,1.53
Burnley , Tottenham,Saturday, 23 Feb 2019, 12:30,2,1,6,4.2,1.6,1.72,2.1
Cardiff , Watford,Friday, 22 Feb 2019, 19:45,1,5,3.1,3.3,2.5,2.1,1.72
West Ham , Fulham,Friday, 22 Feb 2019, 19:45,3,1,2.05,3.5,3.9,1.72,2.1
Wolves , Newcastle,Monday, 11 Feb 2019, 20:00,1,1,1.75,3.6,5.75,2.3,1.61
Manchester City , Chelsea,Sunday, 10 Feb 2019, 16:00,6,0,1.53,4.5,6.5,1.66,2.2
Tottenham , Leicester,Sunday, 10 Feb 2019, 13:30,3,1,1.72,3.75,5.5,1.9,1.9
Brighton , Burnley,Saturday, 09 Feb 2019, 17:30,1,3,2.05,3.3,4.2,2.5,1.53
Crystal Palace , West Ham,Saturday, 09 Feb 2019, 15:00,1,1,1.95,3.6,4.2,1.9,1.9
Huddersfield , Arsenal,Saturday, 09 Feb 2019, 15:00,1,2,5.75,4,1.66,1.9,1.9
Liverpool , Bournemouth,Saturday, 09 Feb 2019, 15:00,3,0,1.16,9,17,1.36,3.2
Southampton , Cardiff,Saturday, 09 Feb 2019, 15:00,1,2,1.83,3.6,5,2.1,1.72
Watford , Everton,Saturday, 09 Feb 2019, 15:00,1,0,2.5,3.4,3,1.9,1.9
Fulham , Manchester Utd,Saturday, 09 Feb 2019, 12:30,0,3,5,4.2,1.7,1.61,2.3
Everton , Manchester City,Wednesday, 06 Feb 2019, 19:45,0,2,10.5,6.5,1.28,1.5,2.62
West Ham , Liverpool,Monday, 04 Feb 2019, 20:00,1,1,9,6,1.33,1.5,2.62
Manchester City , Arsenal,Sunday, 03 Feb 2019, 16:30,3,1,1.25,7.5,11,1.3,3.5
Leicester , Manchester Utd,Sunday, 03 Feb 2019, 14:05,0,1,3.9,3.7,2,1.72,2.1
Cardiff , Bournemouth,Saturday, 02 Feb 2019, 17:30,2,0,3.4,3.5,2.25,1.9,1.9
Brighton , Watford,Saturday, 02 Feb 2019, 15:00,0,0,2.45,3.25,3.2,2.2,1.66
Burnley , Southampton,Saturday, 02 Feb 2019, 15:00,1,1,2.55,3.5,2.87,2.1,1.72
Chelsea , Huddersfield,Saturday, 02 Feb 2019, 15:00,5,0,1.22,7,15,1.66,2.2
Crystal Palace , Fulham,Saturday, 02 Feb 2019, 15:00,2,0,2.05,3.5,4,1.9,1.9
Everton , Wolves,Saturday, 02 Feb 2019, 15:00,1,3,2.7,3.25,2.87,2.1,1.72
Tottenham , Newcastle,Saturday, 02 Feb 2019, 12:30,1,0,1.44,4.5,9,1.8,2
Liverpool , Leicester,Wednesday, 30 Jan 2019, 20:00,1,1,1.25,7,12,1.53,2.5
Tottenham , Watford,Wednesday, 30 Jan 2019, 20:00,2,1,1.57,4.2,6.5,1.72,2.1
Bournemouth , Chelsea,Wednesday, 30 Jan 2019, 19:45,4,0,5.75,4.4,1.6,1.66,2.2
Southampton , Crystal Palace,Wednesday, 30 Jan 2019, 19:45,1,1,2.5,3.4,3,2.1,1.72
Manchester Utd , Burnley,Tuesday, 29 Jan 2019, 20:00,2,2,1.36,5.25,10,1.61,2.3
Newcastle , Manchester City,Tuesday, 29 Jan 2019, 20:00,2,1,19,9,1.16,1.44,2.75
Arsenal , Cardiff,Tuesday, 29 Jan 2019, 19:45,2,1,1.22,7,15,1.4,3
Fulham , Brighton,Tuesday, 29 Jan 2019, 19:45,4,2,2.45,3.25,3.2,2.37,1.57
Huddersfield , Everton,Tuesday, 29 Jan 2019, 19:45,0,1,3.75,3.2,2.25,2.2,1.66
Wolves , West Ham,Tuesday, 29 Jan 2019, 19:45,3,0,2,3.6,4.1,1.9,1.9
Fulham , Tottenham,Sunday, 20 Jan 2019, 16:00,1,2,5.5,3.8,1.72,1.8,2
Huddersfield , Manchester City,Sunday, 20 Jan 2019, 13:30,0,3,26,10,1.12,1.36,3.2
Arsenal , Chelsea,Saturday, 19 Jan 2019, 17:30,2,0,3.3,3.5,2.3,1.8,2
Bournemouth , West Ham,Saturday, 19 Jan 2019, 15:00,2,0,2.1,3.75,3.5,1.66,2.2
Liverpool , Crystal Palace,Saturday, 19 Jan 2019, 15:00,4,3,1.22,7.5,13,1.44,2.75
Manchester Utd , Brighton,Saturday, 19 Jan 2019, 15:00,2,1,1.36,5.5,9.5,1.72,2.1
Newcastle , Cardiff,Saturday, 19 Jan 2019, 15:00,3,0,2.05,3.25,4.33,2.2,1.66
Southampton , Everton,Saturday, 19 Jan 2019, 15:00,2,1,2.9,3.5,2.55,1.9,1.9
Watford , Burnley,Saturday, 19 Jan 2019, 15:00,0,0,1.7,3.9,5.5,1.8,2
Wolves , Leicester,Saturday, 19 Jan 2019, 12:30,4,3,2.3,3.25,3.5,2.5,1.53
Manchester City , Wolves,Monday, 14 Jan 2019, 20:00,3,0,1.18,8,19,1.53,2.5
Tottenham , Manchester Utd,Sunday, 13 Jan 2019, 16:30,0,1,2.05,3.6,3.8,1.66,2.2
Everton , Bournemouth,Sunday, 13 Jan 2019, 14:15,2,0,1.72,4,5,1.66,2.2
Chelsea , Newcastle,Saturday, 12 Jan 2019, 17:30,2,1,1.2,7,19,1.57,2.37
Brighton , Liverpool,Saturday, 12 Jan 2019, 15:00,0,1,10.5,5.5,1.33,1.72,2.1
Burnley , Fulham,Saturday, 12 Jan 2019, 15:00,2,1,2.4,3.3,3.25,2,1.8
Cardiff , Huddersfield,Saturday, 12 Jan 2019, 15:00,0,0,2.15,3.3,3.9,2.37,1.57
Crystal Palace , Watford,Saturday, 12 Jan 2019, 15:00,1,2,2.37,3.4,3.25,2,1.8
Leicester , Southampton,Saturday, 12 Jan 2019, 15:00,1,2,1.95,3.4,4.5,2.3,1.61
West Ham , Arsenal,Saturday, 12 Jan 2019, 12:30,1,0,3.6,4,2,1.53,2.5
Manchester City , Liverpool,Thursday, 03 Jan 2019, 20:00,2,1,1.95,3.9,3.9,1.66,2.2
Newcastle , Manchester Utd,Wednesday, 02 Jan 2019, 20:00,0,2,6,4.2,1.6,1.8,2
Bournemouth , Watford,Wednesday, 02 Jan 2019, 19:45,3,3,2.55,3.6,2.8,1.66,2.2
Chelsea , Southampton,Wednesday, 02 Jan 2019, 19:45,0,0,1.28,6,13,1.53,2.5
Huddersfield , Burnley,Wednesday, 02 Jan 2019, 19:45,1,2,2.45,3.1,3.4,2.5,1.53
West Ham , Brighton,Wednesday, 02 Jan 2019, 19:45,2,2,2,3.6,4,1.9,1.9
Wolves , Crystal Palace,Wednesday, 02 Jan 2019, 19:45,0,2,2.3,3.2,3.6,2.3,1.61
Cardiff , Tottenham,Tuesday, 01 Jan 2019, 17:30,0,3,9,5,1.4,1.61,2.3
Arsenal , Fulham,Tuesday, 01 Jan 2019, 15:00,4,1,1.36,5.5,9,1.53,2.5
Everton , Leicester,Tuesday, 01 Jan 2019, 12:30,0,1,2,3.6,4,1.9,1.9
Manchester Utd , Bournemouth,Sunday, 30 Dec 2018, 16:30,4,1,1.36,5.5,9,1.53,2.5
Burnley , West Ham,Sunday, 30 Dec 2018, 14:15,2,0,3.8,3.6,2.04,1.8,2
Southampton , Manchester City,Sunday, 30 Dec 2018, 14:15,1,3,13,7.5,1.22,1.4,3
Crystal Palace , Chelsea,Sunday, 30 Dec 2018, 12:00,0,1,5,3.9,1.75,1.9,1.9
Liverpool , Arsenal,Saturday, 29 Dec 2018, 17:30,5,1,1.4,5.5,7.5,1.4,3
Brighton , Everton,Saturday, 29 Dec 2018, 15:00,1,0,3.3,3.3,2.37,2.2,1.66
Fulham , Huddersfield,Saturday, 29 Dec 2018, 15:00,1,0,2.04,3.3,4.2,2.3,1.61
Leicester , Cardiff,Saturday, 29 Dec 2018, 15:00,0,1,1.57,3.9,7.5,2,1.8
Tottenham , Wolves,Saturday, 29 Dec 2018, 15:00,1,3,1.44,4.5,8.5,1.72,2.1
Watford , Newcastle,Saturday, 29 Dec 2018, 15:00,1,1,1.75,3.75,5.25,1.9,1.9
Southampton , West Ham,Thursday, 27 Dec 2018, 19:45,1,2,2.3,3.4,3.4,1.72,2.1
Watford , Chelsea,Wednesday, 26 Dec 2018, 19:30,1,2,5.6,4,1.66,1.72,2.1
Brighton , Arsenal,Wednesday, 26 Dec 2018, 17:15,1,1,5.5,3.9,1.7,1.72,2.1
Burnley , Everton,Wednesday, 26 Dec 2018, 15:00,1,5,4.33,3.7,1.9,1.9,1.9
Crystal Palace , Cardiff,Wednesday, 26 Dec 2018, 15:00,0,0,1.66,3.7,6.5,1.9,1.9
Leicester , Manchester City,Wednesday, 26 Dec 2018, 15:00,2,1,10,5.75,1.33,1.57,2.37
Liverpool , Newcastle,Wednesday, 26 Dec 2018, 15:00,4,0,1.16,8,21,1.4,3
Manchester Utd , Huddersfield,Wednesday, 26 Dec 2018, 15:00,3,1,1.28,6,12,1.66,2.2
Tottenham , Bournemouth,Wednesday, 26 Dec 2018, 15:00,5,0,1.35,5.5,9.5,1.44,2.75
Fulham , Wolves,Wednesday, 26 Dec 2018, 12:30,1,1,2.9,3.2,2.7,2.37,1.57
Everton , Tottenham,Sunday, 23 Dec 2018, 16:00,2,6,3.4,3.7,2.14,1.72,2.1
Cardiff , Manchester Utd,Saturday, 22 Dec 2018, 17:30,1,5,6.5,4.2,1.57,1.72,2.1
Bournemouth , Brighton,Saturday, 22 Dec 2018, 15:00,2,0,2,3.5,4.2,2,1.8
Chelsea , Leicester,Saturday, 22 Dec 2018, 15:00,0,1,1.33,5.5,11,1.72,2.1
Huddersfield , Southampton,Saturday, 22 Dec 2018, 15:00,1,3,2.9,3.1,2.8,2.5,1.53
Manchester City , Crystal Palace,Saturday, 22 Dec 2018, 15:00,2,3,1.16,8.5,21,1.36,3.2
Newcastle , Fulham,Saturday, 22 Dec 2018, 15:00,0,0,2.22,3.34,3.5,2,1.82
West Ham , Watford,Saturday, 22 Dec 2018, 15:00,0,2,2.45,3.6,2.9,1.8,2
Arsenal , Burnley,Saturday, 22 Dec 2018, 12:30,3,1,1.22,7,15,1.4,3
Wolves , Liverpool,Friday, 21 Dec 2018, 20:00,0,2,7,4.2,1.55,1.9,1.9
Liverpool , Manchester Utd,Sunday, 16 Dec 2018, 16:00,3,1,1.53,4.33,7,1.72,2.1
Brighton , Chelsea,Sunday, 16 Dec 2018, 13:30,1,2,8.5,4.5,1.44,1.9,1.9
Southampton , Arsenal,Sunday, 16 Dec 2018, 13:30,3,2,4.4,3.9,1.83,1.66,2.2
Fulham , West Ham,Saturday, 15 Dec 2018, 17:30,0,2,3,3.6,2.4,1.61,2.3
Crystal Palace , Leicester,Saturday, 15 Dec 2018, 15:00,1,0,2.7,3.25,2.87,2.2,1.66
Huddersfield , Newcastle,Saturday, 15 Dec 2018, 15:00,0,1,2.6,3.1,3.1,2.5,1.53
Tottenham , Burnley,Saturday, 15 Dec 2018, 15:00,1,0,1.2,7.5,17,1.44,2.75
Watford , Cardiff,Saturday, 15 Dec 2018, 15:00,3,2,1.7,3.9,5.5,1.8,2
Wolves , Bournemouth,Saturday, 15 Dec 2018, 15:00,2,0,2,3.5,4.1,2,1.8
Manchester City , Everton,Saturday, 15 Dec 2018, 12:30,3,1,1.22,7.5,13,1.5,2.62
Everton , Watford,Sunday, 09 Dec 2018, 12:30,2,2,1.68,3.83,5.44,1.76,2.09
Newcastle , Wolves,Sunday, 09 Dec 2018, 16:00,1,2,2.9,3.1,2.8,2.37,1.57
Leicester , Tottenham,Saturday, 08 Dec 2018, 19:45,0,2,4.33,3.5,1.95,2,1.8
Chelsea , Manchester City,Saturday, 08 Dec 2018, 17:30,2,0,3.6,3.5,2.14,1.72,2.1
Arsenal , Huddersfield,Saturday, 08 Dec 2018, 15:00,1,0,1.3,5.75,12,1.57,2.37
Burnley , Brighton,Saturday, 08 Dec 2018, 15:00,1,0,2.87,3.1,2.8,2.37,1.57
Cardiff , Southampton,Saturday, 08 Dec 2018, 15:00,1,0,3.25,3.3,2.4,2.1,1.72
Manchester Utd , Fulham,Saturday, 08 Dec 2018, 15:00,4,1,1.4,5,9.5,1.57,2.37
West Ham , Crystal Palace,Saturday, 08 Dec 2018, 15:00,3,2,2.3,3.5,3.3,1.9,1.9
Bournemouth , Liverpool,Saturday, 08 Dec 2018, 12:30,0,4,7,4.6,1.5,1.53,2.5
Manchester Utd , Arsenal,Saturday, 08 Dec 2018, 12:30,2,2,2.42,3.46,2.99,1.65,2.25
Tottenham , Southampton,Wednesday, 05 Dec 2018, 20:00,3,1,1.33,5.5,11,1.53,2.5
Burnley , Liverpool,Wednesday, 05 Dec 2018, 19:45,1,3,11,6,1.3,1.66,2.2
Everton , Newcastle,Wednesday, 05 Dec 2018, 19:456,1,1,1.47,4.31,7.81,1.79,2.05
Fulham , Leicester,Wednesday, 05 Dec 2018, 19:45,1,1,2.76,3.31,2.67,2.04,1.8
Wolves , Chelsea,Wednesday, 05 Dec 2018, 19:45,2,1,6,3.9,1.66,1.9,1.9
Watford , Manchester City,Tuesday, 04 Dec 2018, 20:00,1,2,9,5.5,1.36,1.61,2.3
Bournemouth , Huddersfield,Tuesday, 04 Dec 2018, 19:45,2,1,1.72,3.7,5.75,1.9,1.9
Brighton , Crystal Palace,Tuesday, 04 Dec 2018, 19:45,3,1,3.1,2.9,2.8,2.5,1.53
West Ham , Cardiff,Tuesday, 04 Dec 2018, 19:45,3,1,1.64,4,5.75,1.72,2.1
Liverpool , Everton,Sunday, 02 Dec 2018, 16:15,1,0,1.44,4.5,8.5,1.72,2.1
Arsenal , Tottenham,Sunday, 02 Dec 2018, 14:05,4,2,2.87,3.6,2.5,1.53,2.5
Chelsea , Fulham,Sunday, 02 Dec 2018, 12:00,2,0,1.2,7.5,14.77,1.4,3
Southampton , Manchester Utd,Saturday, 01 Dec 2018, 12:00,2,2,4.25,3.42,1.95,1.98,1.84
Crystal Palace , Burnley,Saturday, 01 Dec 2018, 15:00,2,0,1.55,4,7.5,1.9,1.9
Huddersfield , Brighton,Saturday, 01 Dec 2018, 15:00,1,2,2.4,2.9,3.8,3,1.4
Leicester , Watford,Saturday, 01 Dec 2018, 15:00,2,0,2.35,3.3,3.4,2,1.8
Manchester City , Bournemouth,Saturday, 01 Dec 2018, 15:00,3,1,1.12,10,25,1.3,3.5
Newcastle , West Ham,Saturday, 01 Dec 2018, 15:00,0,3,2.6,3.4,2.9,2,1.8
Cardiff , Wolves,Friday, 30 Nov 2018, 20:00,2,1,3.6,3.3,2.25,2.3,1.61
Burnley , Newcastle,Monday, 26 Nov 2018, 20:30,1,2,3,3.1,2.7,2.3,1.61
Wolves , Huddersfield,Sunday, 25 Nov 2018, 16:00,0,2,1.61,3.7,7.5,2.3,1.61
Bournemouth , Arsenal,Sunday, 25 Nov 2018, 13:30,1,2,3.5,3.7,2.14,1.53,2.5
Tottenham , Chelsea,Saturday, 24 Nov 2018, 17:30,3,1,3,3.4,2.5,1.72,2.1
Brighton , Leicester,Saturday, 24 Nov 2018, 17:30,1,1,2.83,3.13,2.74,2.35,1.6
Everton , Cardiff,Saturday, 24 Nov 2018, 15:00,1,0,1.44,4.5,9,1.8,2
Fulham , Southampton,Saturday, 24 Nov 2018, 15:00,3,2,2.8,3.3,2.75,1.9,1.9
Manchester Utd , Crystal Palace,Saturday, 24 Nov 2018, 15:00,0,0,1.44,4.52,7.98,1.75,2.1
Watford , Liverpool,Saturday, 24 Nov 2018, 15:00,0,3,6,4.5,1.57,1.66,2.2
West Ham , Manchester City,Saturday, 24 Nov 2018, 15:00,0,4,12,7,1.25,1.4,3
Arsenal , Wolves,Saturday, 24 Nov 2018, 15:00,1,1,1.62,4.13,5.54,1.64,2.27
Manchester City , Manchester Utd,Sunday, 11 Nov 2018, 16:30,3,1,1.36,5.5,9,1.44,2.75
Chelsea , Everton,Sunday, 11 Nov 2018, 16:30,0,0,1.39,4.97,8.31,1.56,2.43
Liverpool , Fulham,Sunday, 11 Nov 2018, 12:00,2,0,1.1,12,29,1.25,4
Crystal Palace , Tottenham,Saturday, 10 Nov 2018, 17:30,0,1,5.25,4,1.7,1.9,1.9
Huddersfield , West Ham,Saturday, 10 Nov 2018, 17:30,1,1,3.25,3.24,2.37,2.23,1.67
Leicester , Burnley,Saturday, 10 Nov 2018, 17:30,0,0,1.49,4.34,7.22,1.74,2.11
Newcastle , Bournemouth,Saturday, 10 Nov 2018, 15:00,2,1,2.9,3.5,2.54,1.9,1.9
Southampton , Watford,Saturday, 10 Nov 2018, 15:01,1,1,2.33,3.34,3.24,2.01,1.82
Cardiff , Brighton,Saturday, 10 Nov 2018, 12:30,2,1,2.62,3.1,3.1,2.5,1.53
Huddersfield , Fulham,Monday, 05 Nov 2018, 20:00,1,0,2.3,3.4,3.4,1.9,1.9
Chelsea , Crystal Palace,Sunday, 04 Nov 2018, 16:00,3,1,1.33,5.75,9.5,1.57,2.37
Manchester City , Southampton,Sunday, 04 Nov 2018, 15:00,6,1,1.11,11,29,1.33,3.4
Wolves , Tottenham,Saturday, 03 Nov 2018, 19:45,2,3,3.4,3.4,2.3,1.9,1.9
Arsenal , Liverpool,Saturday, 03 Nov 2018, 19:45,1,1,3.87,3.88,1.92,1.51,2.55
Cardiff , Leicester,Saturday, 03 Nov 2018, 15:00,0,1,3.4,3.4,2.3,2,1.8
Everton , Brighton,Saturday, 03 Nov 2018, 15:00,3,1,1.57,4,7,2,1.8
Newcastle , Watford,Saturday, 03 Nov 2018, 15:00,1,0,2.8,3.25,2.75,2.2,1.66
West Ham , Burnley,Saturday, 03 Nov 2018, 15:00,4,2,1.57,4.2,6.5,1.8,2
Bournemouth , Manchester Utd,Saturday, 03 Nov 2018, 12:30,1,2,4,3.75,1.95,1.8,2
Tottenham , Manchester City,Monday, 29 Oct 2018, 20:00,0,1,5.5,4.2,1.64,1.57,2.37
Manchester Utd , Everton,Sunday, 28 Oct 2018, 16:00,2,1,1.8,3.7,5,1.72,2.1
Burnley , Chelsea,Sunday, 28 Oct 2018, 13:30,0,4,10,4.75,1.4,1.8,2
Crystal Palace , Arsenal,Saturday, 27 Oct 2018, 13:30,2,2,4.47,3.9,1.79,1.62,2.31
Leicester , West Ham,Saturday, 27 Oct 2018, 13:30,1,1,1.97,3.5,4.03,1.97,1.86
Brighton , Wolves,Saturday, 27 Oct 2018, 13:30,1,0,3.46,3.1,2.34,2.55,1.52
Fulham , Bournemouth,Saturday, 27 Oct 2018, 13:30,0,3,2.8,3.63,2.45,1.61,2.32
Liverpool , Cardiff,Saturday, 27 Oct 2018, 13:30,4,1,1.11,10.18,27.07,1.35,3.2
Southampton , Newcastle,Saturday, 27 Oct 2018, 13:30,0,0,2.02,3.37,4.1,2.23,1.67
Watford , Huddersfield,Saturday, 27 Oct 2018, 14:00,3,0,1.75,3.5,6,2.3,1.61
Arsenal , Leicester,Monday, 22 Oct 2018, 19:00,3,1,1.6,4.2,6,1.57,2.37
Everton , Crystal Palace,Sunday, 21 Oct 2018, 15:00,2,0,1.8,3.6,5.25,1.9,1.9
Huddersfield , Liverpool,Saturday, 20 Oct 2018, 16:30,0,1,12,5.25,1.33,1.72,2.1
Bournemouth , Southampton,Saturday, 20 Oct 2018, 16:30,0,0,2.21,3.43,3.38,1.77,2.07
Cardiff , Fulham,Saturday, 20 Oct 2018, 14:00,4,2,2.54,3.5,2.9,1.8,2
Manchester City , Burnley,Saturday, 20 Oct 2018, 14:00,5,0,1.08,13,34,1.25,4
Newcastle , Brighton,Saturday, 20 Oct 2018, 14:00,0,1,2.2,3.25,3.8,2.5,1.53
West Ham , Tottenham,Saturday, 20 Oct 2018, 14:00,0,1,4,3.8,1.95,1.66,2.2
Wolves , Watford,Saturday, 20 Oct 2018, 14:00,0,2,1.8,3.5,5.5,2,1.8
Chelsea , Manchester Utd,Saturday, 20 Oct 2018, 14:00,2,2,1.76,3.84,4.83,1.69,2.18
Everton , Tottenham,Sunday, 23 Dec 2018, 16:00,2,6,3.4,3.7,2.14,1.72,2.1
Cardiff , Manchester Utd,Saturday, 22 Dec 2018, 17:30,1,5,6.5,4.2,1.57,1.72,2.1
Bournemouth , Brighton,Saturday, 22 Dec 2018, 15:00,2,0,2,3.5,4.2,2,1.8
Chelsea , Leicester,Saturday, 22 Dec 2018, 15:00,0,1,1.33,5.5,11,1.72,2.1
Huddersfield , Southampton,Saturday, 22 Dec 2018, 15:00,1,3,2.9,3.1,2.8,2.5,1.53
Manchester City , Crystal Palace,Saturday, 22 Dec 2018, 15:00,2,3,1.16,8.5,21,1.36,3.2
Newcastle , Fulham,Saturday, 22 Dec 2018, 15:00,0,0,2.22,3.34,3.5,2,1.82
West Ham , Watford,Saturday, 22 Dec 2018, 15:00,0,2,2.45,3.6,2.9,1.8,2
Arsenal , Burnley,Saturday, 22 Dec 2018, 12:30,3,1,1.22,7,15,1.4,3
Wolves , Liverpool,Friday, 21 Dec 2018, 20:00,0,2,7,4.2,1.55,1.9,1.9
Liverpool , Manchester Utd,Sunday, 16 Dec 2018, 16:00,3,1,1.53,4.33,7,1.72,2.1
Brighton , Chelsea,Sunday, 16 Dec 2018, 13:30,1,2,8.5,4.5,1.44,1.9,1.9
Southampton , Arsenal,Sunday, 16 Dec 2018, 13:30,3,2,4.4,3.9,1.83,1.66,2.2
Fulham , West Ham,Saturday, 15 Dec 2018, 17:30,0,2,3,3.6,2.4,1.61,2.3
Crystal Palace , Leicester,Saturday, 15 Dec 2018, 15:00,1,0,2.7,3.25,2.87,2.2,1.66
Huddersfield , Newcastle,Saturday, 15 Dec 2018, 15:00,0,1,2.6,3.1,3.1,2.5,1.53
Tottenham , Burnley,Saturday, 15 Dec 2018, 15:00,1,0,1.2,7.5,17,1.44,2.75
Watford , Cardiff,Saturday, 15 Dec 2018, 15:00,3,2,1.7,3.9,5.5,1.8,2
Wolves , Bournemouth,Saturday, 15 Dec 2018, 15:00,2,0,2,3.5,4.1,2,1.8
Manchester City , Everton,Saturday, 15 Dec 2018, 12:30,3,1,1.22,7.5,13,1.5,2.62
Everton , Watford,Saturday, 15 Dec 2018, 12:30,2,2,1.68,3.83,5.44,1.76,2.09
Newcastle , Wolves,Sunday, 09 Dec 2018, 16:00,1,2,2.9,3.1,2.8,2.37,1.57
Leicester , Tottenham,Saturday, 08 Dec 2018, 19:45,0,2,4.33,3.5,1.95,2,1.8
Chelsea , Manchester City,Saturday, 08 Dec 2018, 17:30,2,0,3.6,3.5,2.14,1.72,2.1
Arsenal , Huddersfield,Saturday, 08 Dec 2018, 15:00,1,0,1.3,5.75,12,1.57,2.37
Burnley , Brighton,Saturday, 08 Dec 2018, 15:00,1,0,2.87,3.1,2.8,2.37,1.57
Cardiff , Southampton,Saturday, 08 Dec 2018, 15:00,1,0,3.25,3.3,2.4,2.1,1.72
Manchester Utd , Fulham,Saturday, 08 Dec 2018, 15:00,4,1,1.4,5,9.5,1.57,2.37
West Ham , Crystal Palace,Saturday, 08 Dec 2018, 15:00,3,2,2.3,3.5,3.3,1.9,1.9
Bournemouth , Liverpool,Saturday, 08 Dec 2018, 12:30,0,4,7,4.6,1.5,1.53,2.5
Manchester Utd , Arsenal,Wednesday, 05 Dec 2018, 12:30,2,2,2.42,3.46,2.99,1.65,2.25
Tottenham , Southampton,Wednesday, 05 Dec 2018, 20:00,3,1,1.33,5.5,11,1.53,2.5
Burnley , Liverpool,Wednesday, 05 Dec 2018, 19:45,1,3,11,6,1.3,1.66,2.2
Everton , Newcastle,Wednesday, 5 Dec 2018, 19:46,1,1,1.47,4.31,7.81,1.79,2.05
Fulham , Leicester,Wednesday, 5 Dec 2018, 19:47,1,1,2.76,3.31,2.67,2.04,1.8
Wolves , Chelsea,Wednesday, 05 Dec 2018, 19:45,2,1,6,3.9,1.66,1.9,1.9
Watford , Manchester City,Tuesday, 04 Dec 2018, 20:00,1,2,9,5.5,1.36,1.61,2.3
Bournemouth , Huddersfield,Tuesday, 04 Dec 2018, 19:45,2,1,1.72,3.7,5.75,1.9,1.9
Brighton , Crystal Palace,Tuesday, 04 Dec 2018, 19:45,3,1,3.1,2.9,2.8,2.5,1.53
West Ham , Cardiff,Tuesday, 04 Dec 2018, 19:45,3,1,1.64,4,5.75,1.72,2.1
Liverpool , Everton,Sunday, 02 Dec 2018, 16:15,1,0,1.44,4.5,8.5,1.72,2.1
Arsenal , Tottenham,Sunday, 02 Dec 2018, 14:05,4,2,2.87,3.6,2.5,1.53,2.5
Chelsea , Fulham,Sunday, 02 Dec 2018, 12:00,2,0,1.2,7.5,17,1.4,3
Southampton , Manchester Utd,Saturday, 01 Dec 2018, 12:00,2,2,4.25,3.42,1.95,1.98,1.84
Crystal Palace , Burnley,Saturday, 01 Dec 2018, 15:00,2,0,1.55,4,7.5,1.9,1.9
Huddersfield , Brighton,Saturday, 01 Dec 2018, 15:00,1,2,2.4,2.9,3.8,3,1.4
Leicester , Watford,Saturday, 01 Dec 2018, 15:00,2,0,2.35,3.3,3.4,2,1.8
Manchester City , Bournemouth,Saturday, 01 Dec 2018, 15:00,3,1,1.12,10,25,1.3,3.5
Newcastle , West Ham,Saturday, 01 Dec 2018, 15:00,0,3,2.6,3.4,2.9,2,1.8
Cardiff , Wolves,Friday, 30 Nov 2018, 20:00,2,1,3.6,3.3,2.25,2.3,1.61
Burnley , Newcastle,Monday, 26 Nov 2018, 20:30,1,2,3,3.1,2.7,2.3,1.61
Wolves , Huddersfield,Sunday, 25 Nov 2018, 16:00,0,2,1.61,3.7,7.5,2.3,1.61
Bournemouth , Arsenal,Sunday, 25 Nov 2018, 13:30,1,2,3.5,3.7,2.14,1.53,2.5
Tottenham , Chelsea,Saturday, 24 Nov 2018, 17:30,3,1,3,3.4,2.5,1.72,2.1
Brighton , Leicester,Saturday, 24 Nov 2018, 17:30,1,1,2.83,3.13,2.74,2.35,1.6
Everton , Cardiff,Saturday, 24 Nov 2018, 15:00,1,0,1.44,4.5,9,1.8,2
Fulham , Southampton,Saturday, 24 Nov 2018, 15:00,3,2,2.8,3.3,2.75,1.9,1.9
Manchester Utd , Crystal Palace,Saturday, 24 Nov 2018, 15:00,0,0,1.44,4.52,7.98,1.75,2.1
Watford , Liverpool,Saturday, 24 Nov 2018, 15:00,0,3,6,4.5,1.57,1.66,2.2
West Ham , Manchester City,Saturday, 24 Nov 2018, 15:00,0,4,12,7,1.25,1.4,3
Arsenal , Wolves,Saturday, 24 Nov 2018, 15:00,1,1,1.62,4.13,5.54,1.64,2.27
Manchester City , Manchester Utd,Sunday, 11 Nov 2018, 16:30,3,1,1.36,5.5,9,1.44,2.75
Chelsea , Everton,Sunday, 11 Nov 2018, 16:30,0,0,1.39,4.97,8.31,1.56,2.43
Liverpool , Fulham,Sunday, 11 Nov 2018, 12:00,2,0,1.1,12,29,1.25,4
Crystal Palace , Tottenham,Saturday, 10 Nov 2018, 17:30,0,1,5.25,4,1.7,1.9,1.9
Huddersfield , West Ham,Saturday, 10 Nov 2018, 17:30,1,1,3.25,3.24,2.37,2.23,1.67
Leicester , Burnley,Saturday, 10 Nov 2018, 17:30,0,0,1.49,4.34,7.22,1.74,2.11
Newcastle , Bournemouth,Saturday, 10 Nov 2018, 15:00,2,1,2.9,3.5,2.54,1.9,1.9
Southampton , Watford,Saturday, 10 Nov 2018, 15:00,1,1,2.33,3.34,3.24,2.01,1.82
Cardiff , Brighton,Saturday, 10 Nov 2018, 12:30,2,1,2.62,3.1,3.1,2.5,1.53
Huddersfield , Fulham,Monday, 05 Nov 2018, 20:00,1,0,2.3,3.4,3.4,1.9,1.9
Chelsea , Crystal Palace,Sunday, 04 Nov 2018, 16:00,3,1,1.33,5.75,9.5,1.57,2.37
Manchester City , Southampton,Sunday, 04 Nov 2018, 15:00,6,1,1.11,11,29,1.33,3.4
Wolves , Tottenham,Saturday, 03 Nov 2018, 19:45,2,3,3.4,3.4,2.3,1.9,1.9
Arsenal , Liverpool,Saturday, 03 Nov 2018, 19:46,1,1,3.87,3.88,1.92,1.51,2.55
Cardiff , Leicester,Saturday, 03 Nov 2018, 15:00,0,1,3.4,3.4,2.3,2,1.8
Everton , Brighton,Saturday, 03 Nov 2018, 15:00,3,1,1.57,4,7,2,1.8
Newcastle , Watford,Saturday, 03 Nov 2018, 15:00,1,0,2.8,3.25,2.75,2.2,1.66
West Ham , Burnley,Saturday, 03 Nov 2018, 15:00,4,2,1.57,4.2,6.5,1.8,2
Bournemouth , Manchester Utd,Saturday, 03 Nov 2018, 12:30,1,2,4,3.75,1.95,1.8,2
Tottenham , Manchester City,Monday, 29 Oct 2018, 20:00,0,1,5.5,4.2,1.64,1.57,2.37
Manchester Utd , Everton,Sunday, 28 Oct 2018, 16:00,2,1,1.8,3.7,5,1.72,2.1
Burnley , Chelsea,Sunday, 28 Oct 2018, 13:30,0,4,10,4.75,1.4,1.8,2
Crystal Palace , Arsenal,Saturday, 27 Oct 2018, 14:00,2,2,4.47,3.9,1.79,1.63,2.31
Leicester , West Ham,Saturday, 27 Oct 2018, 14:00,1,1,1.97,3.5,4.03,1.97,1.86
Brighton , Wolves,Saturday, 27 Oct 2018, 14:00,1,0,3.46,3.1,2.34,2.55,1.52
Fulham , Bournemouth,Saturday, 27 Oct 2018, 14:00,0,3,2.8,3.63,2.45,1.61,2.32
Liverpool , Cardiff,Saturday, 27 Oct 2018, 14:00,4,1,1.11,10.18,27.07,1.35,3.2
Southampton , Newcastle,Saturday, 27 Oct 2018, 14:00,0,0,2.01,3.37,4.1,2.23,1.67
Watford , Huddersfield,Saturday, 27 Oct 2018, 14:00,3,0,1.75,3.5,6,2.3,1.61
Arsenal , Leicester,Monday, 22 Oct 2018, 19:00,3,1,1.6,4.2,6,1.57,2.37
Everton , Crystal Palace,Sunday, 21 Oct 2018, 15:00,2,0,1.8,3.6,5.25,1.9,1.9
Huddersfield , Liverpool,Saturday, 20 Oct 2018, 16:30,0,1,12,5.25,1.33,1.72,2.1
Bournemouth , Southampton,Saturday, 20 Oct 2018, 16:31,0,0,2.21,3.43,3.38,1.77,2.07
Cardiff , Fulham,Saturday, 20 Oct 2018, 14:00,4,2,2.54,3.5,2.9,1.8,2
Manchester City , Burnley,Saturday, 20 Oct 2018, 14:00,5,0,1.08,13,34,1.25,4
Newcastle , Brighton,Saturday, 20 Oct 2018, 14:00,0,1,2.2,3.25,3.8,2.5,1.53
West Ham , Tottenham,Saturday, 20 Oct 2018, 14:00,0,1,4,3.8,1.95,1.66,2.2
Wolves , Watford,Saturday, 20 Oct 2018, 14:00,0,2,1.8,3.5,5.5,2,1.8
Chelsea , Manchester Utd,Saturday, 20 Oct 2018, 14:00,2,2,1.76,3.84,4.83,1.69,2.18
Liverpool , Manchester City,Sunday, 07 Oct 2018, 15:30,0,0,2.75,3.6,2.6,1.64,2.2
Southampton , Chelsea,Sunday, 07 Oct 2018, 13:15,0,3,6.5,4.2,1.57,1.8,2
Fulham , Arsenal,Sunday, 07 Oct 2018, 11:00,1,5,5,4.4,1.66,1.44,2.7
Manchester Utd , Newcastle,Saturday, 06 Oct 2018, 16:30,3,2,1.4,4.75,10,1.8,2
Burnley , Huddersfield,Saturday, 06 Oct 2018, 14:00,1,1,2.35,3,3.8,2.7,1.44
Crystal Palace , Wolves,Saturday, 06 Oct 2018, 14:00,0,1,2.8,3.25,2.75,2.04,1.75
Leicester , Everton,Saturday, 06 Oct 2018, 14:00,1,2,2.25,3.3,3.6,2,1.8
Tottenham , Cardiff,Saturday, 06 Oct 2018, 14:00,1,0,1.25,6.75,13,1.53,2.4
Watford , Bournemouth,Saturday, 06 Oct 2018, 14:00,0,4,2.1,3.5,3.75,1.8,2
Brighton , West Ham,Friday, 05 Oct 2018, 19:00,1,0,2.75,3.25,2.8,2.1,1.7
Bournemouth , Crystal Palace,Monday, 01 Oct 2018, 19:00,2,1,2.3,3.5,3.25,1.72,2.07
Cardiff , Burnley,Sunday, 30 Sep 2018, 15:00,1,2,2.5,3.1,3.3,2.3,1.6
Chelsea , Liverpool,Saturday, 29 Sep 2018, 16:30,1,1,2.8,3.5,2.6,1.7,2.1
Arsenal , Watford,Saturday, 29 Sep 2018, 14:00,2,0,1.5,4.75,7,1.47,2.6
Everton , Fulham,Saturday, 29 Sep 2018, 14:00,3,0,1.64,4.2,5.5,1.57,2.35
Huddersfield , Tottenham,Saturday, 29 Sep 2018, 14:00,0,2,6.5,4,1.61,1.95,1.85
Manchester City , Brighton,Saturday, 29 Sep 2018, 14:00,2,0,1.08,13,34,1.36,3.1
Newcastle , Leicester,Saturday, 29 Sep 2018, 14:00,0,2,2.8,3.25,2.75,2.25,1.61
Wolves , Southampton,Saturday, 29 Sep 2018, 14:00,2,0,1.95,3.4,4.5,2.1,1.7
West Ham , Manchester Utd,Saturday, 29 Sep 2018, 11:30,3,1,4,3.6,2,1.85,1.95
Arsenal , Everton,Sunday, 23 Sep 2018, 15:00,2,0,1.4,5.25,8,1.4,2.87
West Ham , Chelsea,Sunday, 23 Sep 2018, 12:30,0,0,6.5,4.5,1.53,1.61,2.25
Brighton , Tottenham,Saturday, 22 Sep 2018, 16:30,1,2,5.25,4,1.7,1.7,2.1
Burnley , Bournemouth,Saturday, 22 Sep 2018, 14:00,4,0,3.4,3.4,2.3,1.9,1.9
Cardiff , Manchester City,Saturday, 22 Sep 2018, 14:00,0,5,25,9,1.14,1.36,3.1
Crystal Palace , Newcastle,Saturday, 22 Sep 2018, 14:00,0,0,2.1,3.3,4,2.14,1.66
Leicester , Huddersfield,Saturday, 22 Sep 2018, 14:00,3,1,1.72,3.6,6,2.35,1.57
Liverpool , Southampton,Saturday, 22 Sep 2018, 14:00,3,0,1.18,8,19,1.44,2.7
Manchester Utd , Wolves,Saturday, 22 Sep 2018, 14:00,1,1,1.6,4,6.5,1.9,1.9
Fulham , Watford,Saturday, 22 Sep 2018, 11:30,1,1,2.8,3.5,2.6,1.75,2.04
Southampton , Brighton,Monday, 17 Sep 2018, 19:00,2,2,2,3.3,4.5,2.4,1.53
Everton , West Ham,Sunday, 16 Sep 2018, 15:00,1,3,2.1,3.5,3.8,1.8,2
Wolves , Burnley,Sunday, 16 Sep 2018, 12:30,1,0,1.75,3.6,5.75,2.14,1.66
Watford , Manchester Utd,Saturday, 15 Sep 2018, 16:30,1,2,5,3.5,1.85,1.85,1.95
Bournemouth , Leicester,Saturday, 15 Sep 2018, 14:00,4,2,2.37,3.4,3.25,1.95,1.85
Chelsea , Cardiff,Saturday, 15 Sep 2018, 14:00,4,1,1.14,9,23,1.44,2.7
Huddersfield , Crystal Palace,Saturday, 15 Sep 2018, 14:00,0,1,3.5,3.1,2.4,2.35,1.57
Manchester City , Fulham,Saturday, 15 Sep 2018, 14:00,3,0,1.08,13,34,1.2,4.33
Newcastle , Arsenal,Saturday, 15 Sep 2018, 14:00,1,2,4.33,3.9,1.85,1.64,2.2
Tottenham , Liverpool,Saturday, 15 Sep 2018, 11:30,1,2,3.1,3.6,2.37,1.64,2.2
Burnley , Manchester Utd,Sunday, 02 Sep 2018, 15:00,0,2,6.5,3.9,1.61,2,1.8
Watford , Tottenham,Sunday, 02 Sep 2018, 15:00,2,1,5.25,3.9,1.72,1.66,2.14
Cardiff , Arsenal,Sunday, 02 Sep 2018, 12:30,2,3,6,4.5,1.57,1.64,2.2
Manchester City , Newcastle,Saturday, 01 Sep 2018, 16:30,2,1,1.11,11,26,1.3,3.5
Brighton , Fulham,Saturday, 01 Sep 2018, 14:00,2,2,2.14,3.5,3.6,1.85,1.95
Chelsea , Bournemouth,Saturday, 01 Sep 2018, 14:00,2,0,1.3,6,11,1.44,2.7
Crystal Palace , Southampton,Saturday, 01 Sep 2018, 14:00,0,2,2.54,3.25,3.1,2.1,1.7
Everton , Huddersfield,Saturday, 01 Sep 2018, 14:00,1,1,1.57,3.9,7.5,2.14,1.66
West Ham , Wolves,Saturday, 01 Sep 2018, 14:00,0,1,2.62,3.3,2.9,2.07,1.72
Leicester , Liverpool,Saturday, 01 Sep 2018, 11:30,1,2,7.5,5,1.44,1.7,2.1
Manchester Utd , Tottenham,Monday, 27 Aug 2018, 19:00,0,3,2.62,3.3,2.9,1.9,1.9
Fulham , Burnley,Sunday, 26 Aug 2018, 15:00,4,2,2.25,3.25,3.6,2.1,1.7
Newcastle , Chelsea,Sunday, 26 Aug 2018, 15:00,1,2,6.5,4.2,1.57,1.8,2
Watford , Crystal Palace,Sunday, 26 Aug 2018, 12:30,2,1,2.37,3.3,3.3,1.95,1.85
Liverpool , Brighton,Saturday, 25 Aug 2018, 16:30,1,0,1.14,9,23,1.4,2.87
Arsenal , West Ham,Saturday, 25 Aug 2018, 14:00,3,1,1.4,5.5,8,1.4,2.87
Bournemouth , Everton,Saturday, 25 Aug 2018, 14:00,2,2,2.6,3.5,2.8,1.72,2.07
Huddersfield , Cardiff,Saturday, 25 Aug 2018, 14:00,0,0,2.45,3,3.5,2.6,1.47
Southampton , Leicester,Saturday, 25 Aug 2018, 14:00,1,2,2.35,3.4,3.3,2.2,1.64
Wolves , Manchester City,Saturday, 25 Aug 2018, 11:30,1,1,12,5.75,1.3,1.57,2.35
Crystal Palace , Liverpool,Monday, 20 Aug 2018, 19:00,0,2,8,5.25,1.4,1.53,2.4
Brighton , Manchester Utd,Sunday, 19 Aug 2018, 15:00,3,2,6,3.6,1.72,2.14,1.66
Burnley , Watford,Sunday, 19 Aug 2018, 12:30,1,3,2.45,3.1,3.4,2.5,1.5
Manchester City , Huddersfield,Sunday, 19 Aug 2018, 12:30,6,1,1.08,13,34,1.33,3.4
Chelsea , Arsenal,Saturday, 18 Aug 2018, 16:30,3,2,1.85,3.8,4.5,1.61,2.25
Everton , Southampton,Saturday, 18 Aug 2018, 14:00,2,1,1.85,3.5,5,2.04,1.75
Leicester , Wolves,Saturday, 18 Aug 2018, 14:00,2,0,2.14,3.4,3.75,2.14,1.66
Tottenham , Fulham,Saturday, 18 Aug 2018, 14:00,3,1,1.28,6,12,1.44,2.7
West Ham , Bournemouth,Saturday, 18 Aug 2018, 14:00,1,2,2.14,3.5,3.6,1.7,2.1
Cardiff , Newcastle,Saturday, 18 Aug 2018, 11:30,0,0,3.3,3.1,2.5,2.3,1.6
Arsenal , Manchester City,Sunday, 12 Aug 2018, 15:00,0,2,4.33,4,1.83,1.5,2.5
Liverpool , West Ham,Sunday, 12 Aug 2018, 12:30,4,0,1.25,7,12,1.4,2.87
Southampton , Burnley,Sunday, 12 Aug 2018, 12:30,0,0,2,3.3,4.5,2.5,1.5
Wolves , Everton,Saturday, 11 Aug 2018, 16:30,2,2,2.4,3.25,3.3,2.14,1.66
Bournemouth , Cardiff,Saturday, 11 Aug 2018, 14:00,2,0,1.85,3.6,4.75,1.85,1.95
Fulham , Crystal Palace,Saturday, 11 Aug 2018, 14:00,0,2,2.6,3.4,2.87,1.85,1.95
Huddersfield , Chelsea,Saturday, 11 Aug 2018, 14:00,0,3,7,4,1.57,1.95,1.85
Watford , Brighton,Saturday, 11 Aug 2018, 14:00,2,0,2.5,3.1,3.3,2.4,1.53
Newcastle , Tottenham,Saturday, 11 Aug 2018, 11:30,1,2,4.75,3.6,1.85,2.04,1.75
Manchester Utd , Leicester,Friday, 10 Aug 2018, 19:00,2,1,1.55,4,7.5,2.04,1.75
Liverpool , Manchester City,Sunday, 07 Oct 2018, 15:30,0,0,2.75,3.6,2.6,1.64,2.2
Southampton , Chelsea,Sunday, 07 Oct 2018, 13:15,0,3,6.5,4.2,1.57,1.8,2
Fulham , Arsenal,Sunday, 07 Oct 2018, 11:00,1,5,5,4.4,1.66,1.44,2.7
Manchester Utd , Newcastle,Saturday, 06 Oct 2018, 16:30,3,2,1.4,4.75,10,1.8,2
Burnley , Huddersfield,Saturday, 06 Oct 2018, 14:00,1,1,2.35,3,3.8,2.7,1.44
Crystal Palace , Wolves,Saturday, 06 Oct 2018, 14:00,0,1,2.8,3.25,2.75,2.04,1.75
Leicester , Everton,Saturday, 06 Oct 2018, 14:00,1,2,2.25,3.3,3.6,2,1.8
Tottenham , Cardiff,Saturday, 06 Oct 2018, 14:00,1,0,1.25,6.75,13,1.53,2.4
Watford , Bournemouth,Saturday, 06 Oct 2018, 14:00,0,4,2.1,3.5,3.75,1.8,2
Brighton , West Ham,Friday, 05 Oct 2018, 19:00,1,0,2.75,3.25,2.8,2.1,1.7
Bournemouth , Crystal Palace,Monday, 01 Oct 2018, 19:00,2,1,2.3,3.5,3.25,1.72,2.07
Cardiff , Burnley,Sunday, 30 Sep 2018, 15:00,1,2,2.5,3.1,3.3,2.3,1.6
Chelsea , Liverpool,Saturday, 29 Sep 2018, 16:30,1,1,2.8,3.5,2.6,1.7,2.1
Arsenal , Watford,Saturday, 29 Sep 2018, 14:00,2,0,1.5,4.75,7,1.47,2.6
Everton , Fulham,Saturday, 29 Sep 2018, 14:00,3,0,1.64,4.2,5.5,1.57,2.35
Huddersfield , Tottenham,Saturday, 29 Sep 2018, 14:00,0,2,6.5,4,1.61,1.95,1.85
Manchester City , Brighton,Saturday, 29 Sep 2018, 14:00,2,0,1.08,13,34,1.36,3.1
Newcastle , Leicester,Saturday, 29 Sep 2018, 14:00,0,2,2.8,3.25,2.75,2.25,1.61
Wolves , Southampton,Saturday, 29 Sep 2018, 14:00,2,0,1.95,3.4,4.5,2.1,1.7
West Ham , Manchester Utd,Saturday, 29 Sep 2018, 11:30,3,1,4,3.6,2,1.85,1.95
Arsenal , Everton,Sunday, 23 Sep 2018, 15:00,2,0,1.4,5.25,8,1.4,2.87
West Ham , Chelsea,Sunday, 23 Sep 2018, 12:30,0,0,6.5,4.5,1.53,1.61,2.25
Brighton , Tottenham,Saturday, 22 Sep 2018, 16:30,1,2,5.25,4,1.7,1.7,2.1
Burnley , Bournemouth,Saturday, 22 Sep 2018, 14:00,4,0,3.4,3.4,2.3,1.9,1.9
Cardiff , Manchester City,Saturday, 22 Sep 2018, 14:00,0,5,25,9,1.14,1.36,3.1
Crystal Palace , Newcastle,Saturday, 22 Sep 2018, 14:00,0,0,2.1,3.3,4,2.14,1.66
Leicester , Huddersfield,Saturday, 22 Sep 2018, 14:00,3,1,1.72,3.6,6,2.35,1.57
Liverpool , Southampton,Saturday, 22 Sep 2018, 14:00,3,0,1.18,8,19,1.44,2.7
Manchester Utd , Wolves,Saturday, 22 Sep 2018, 14:00,1,1,1.6,4,6.5,1.9,1.9
Fulham , Watford,Saturday, 22 Sep 2018, 11:30,1,1,2.8,3.5,2.6,1.75,2.04
Southampton , Brighton,Monday, 17 Sep 2018, 19:00,2,2,2,3.3,4.5,2.4,1.53
Everton , West Ham,Sunday, 16 Sep 2018, 15:00,1,3,2.1,3.5,3.8,1.8,2
Wolves , Burnley,Sunday, 16 Sep 2018, 12:30,1,0,1.75,3.6,5.75,2.14,1.66
Watford , Manchester Utd,Saturday, 15 Sep 2018, 16:30,1,2,5,3.5,1.85,1.85,1.95
Bournemouth , Leicester,Saturday, 15 Sep 2018, 14:00,4,2,2.37,3.4,3.25,1.95,1.85
Chelsea , Cardiff,Saturday, 15 Sep 2018, 14:00,4,1,1.14,9,23,1.44,2.7
Huddersfield , Crystal Palace,Saturday, 15 Sep 2018, 14:00,0,1,3.5,3.1,2.4,2.35,1.57
Manchester City , Fulham,Saturday, 15 Sep 2018, 14:00,3,0,1.08,13,34,1.2,4.33
Newcastle , Arsenal,Saturday, 15 Sep 2018, 14:00,1,2,4.33,3.9,1.85,1.64,2.2
Tottenham , Liverpool,Saturday, 15 Sep 2018, 11:30,1,2,3.1,3.6,2.37,1.64,2.2
Burnley , Manchester Utd,Sunday, 02 Sep 2018, 15:00,0,2,6.5,3.9,1.61,2,1.8
Watford , Tottenham,Sunday, 02 Sep 2018, 15:00,2,1,5.25,3.9,1.72,1.66,2.14
Cardiff , Arsenal,Sunday, 02 Sep 2018, 12:30,2,3,6,4.5,1.57,1.64,2.2
Manchester City , Newcastle,Saturday, 01 Sep 2018, 16:30,2,1,1.11,11,26,1.3,3.5
Brighton , Fulham,Saturday, 01 Sep 2018, 14:00,2,2,2.14,3.5,3.6,1.85,1.95
Chelsea , Bournemouth,Saturday, 01 Sep 2018, 14:00,2,0,1.3,6,11,1.44,2.7
Crystal Palace , Southampton,Saturday, 01 Sep 2018, 14:00,0,2,2.54,3.25,3.1,2.1,1.7
Everton , Huddersfield,Saturday, 01 Sep 2018, 14:00,1,1,1.57,3.9,7.5,2.14,1.66
West Ham , Wolves,Saturday, 01 Sep 2018, 14:00,0,1,2.62,3.3,2.9,2.07,1.72
Leicester , Liverpool,Saturday, 01 Sep 2018, 11:30,1,2,7.5,5,1.44,1.7,2.1
Manchester Utd , Tottenham,Monday, 27 Aug 2018, 19:00,0,3,2.62,3.3,2.9,1.9,1.9
Fulham , Burnley,Sunday, 26 Aug 2018, 15:00,4,2,2.25,3.25,3.6,2.1,1.7
Newcastle , Chelsea,Sunday, 26 Aug 2018, 15:00,1,2,6.5,4.2,1.57,1.8,2
Watford , Crystal Palace,Sunday, 26 Aug 2018, 12:30,2,1,2.37,3.3,3.3,1.95,1.85
Liverpool , Brighton,Saturday, 25 Aug 2018, 16:30,1,0,1.14,9,23,1.4,2.87
Arsenal , West Ham,Saturday, 25 Aug 2018, 14:00,3,1,1.4,5.5,8,1.4,2.87
Bournemouth , Everton,Saturday, 25 Aug 2018, 14:00,2,2,2.6,3.5,2.8,1.72,2.07
Huddersfield , Cardiff,Saturday, 25 Aug 2018, 14:00,0,0,2.45,3,3.5,2.6,1.47
Southampton , Leicester,Saturday, 25 Aug 2018, 14:00,1,2,2.35,3.4,3.3,2.2,1.64
Wolves , Manchester City,Saturday, 25 Aug 2018, 11:30,1,1,12,5.75,1.3,1.57,2.35
Crystal Palace , Liverpool,Monday, 20 Aug 2018, 19:00,0,2,8,5.25,1.4,1.53,2.4
Brighton , Manchester Utd,Sunday, 19 Aug 2018, 15:00,3,2,6,3.6,1.72,2.14,1.66
Burnley , Watford,Sunday, 19 Aug 2018, 12:30,1,3,2.45,3.1,3.4,2.5,1.5
Manchester City , Huddersfield,Sunday, 19 Aug 2018, 12:30,6,1,1.08,13,34,1.33,3.4
Chelsea , Arsenal,Saturday, 18 Aug 2018, 16:30,3,2,1.85,3.8,4.5,1.61,2.25
Everton , Southampton,Saturday, 18 Aug 2018, 14:00,2,1,1.85,3.5,5,2.04,1.75
Leicester , Wolves,Saturday, 18 Aug 2018, 14:00,2,0,2.14,3.4,3.75,2.14,1.66
Tottenham , Fulham,Saturday, 18 Aug 2018, 14:00,3,1,1.28,6,12,1.44,2.7
West Ham , Bournemouth,Saturday, 18 Aug 2018, 14:00,1,2,2.14,3.5,3.6,1.7,2.1
Cardiff , Newcastle,Saturday, 18 Aug 2018, 11:30,0,0,3.3,3.1,2.5,2.3,1.6
Arsenal , Manchester City,Sunday, 12 Aug 2018, 15:00,0,2,4.33,4,1.83,1.5,2.5
Liverpool , West Ham,Sunday, 12 Aug 2018, 12:30,4,0,1.25,7,12,1.4,2.87
Southampton , Burnley,Sunday, 12 Aug 2018, 12:30,0,0,2,3.3,4.5,2.5,1.5
Wolves , Everton,Saturday, 11 Aug 2018, 16:30,2,2,2.4,3.25,3.3,2.14,1.66
Bournemouth , Cardiff,Saturday, 11 Aug 2018, 14:00,2,0,1.85,3.6,4.75,1.85,1.95
Fulham , Crystal Palace,Saturday, 11 Aug 2018, 14:00,0,2,2.6,3.4,2.87,1.85,1.95
Huddersfield , Chelsea,Saturday, 11 Aug 2018, 14:00,0,3,7,4,1.57,1.95,1.85
Watford , Brighton,Saturday, 11 Aug 2018, 14:00,2,0,2.5,3.1,3.3,2.4,1.53
Newcastle , Tottenham,Saturday, 11 Aug 2018, 11:30,1,2,4.75,3.6,1.85,2.04,1.75
Manchester Utd , Leicester,Friday, 10 Aug 2018, 19:00,2,1,1.55,4,7.5,2.04,1.75
